Week,Post No,Suggested Date,Title,Category,Primary Keyword,Primary Internal Link,Promotion Note
1,1,2026-06-20,What Is an AI Freelancing Platform and Why It Matters in 2026,Platform Strategy,AI freelancing platform,https://megilance.site/,"Share on LinkedIn, Facebook groups, freelancer communities, and add to XML sitemap after publishing."
1,2,2026-06-22,AI and Blockchain Freelancing: A Complete Beginner Guide,Platform Strategy,AI and blockchain freelancing,https://megilance.site/,"Share on LinkedIn, Facebook groups, freelancer communities, and add to XML sitemap after publishing."
1,3,2026-06-24,How MegiLance Is Building the Future of Freelancing,Platform Strategy,future of freelancing platform,https://megilance.site/,"Share on LinkedIn, Facebook groups, freelancer communities, and add to XML sitemap after publishing."
1,4,2026-06-26,Why Traditional Freelance Platforms Need AI and Escrow,Platform Strategy,traditional freelance platforms problems,https://megilance.site/,"Share on LinkedIn, Facebook groups, freelancer communities, and add to XML sitemap after publishing."
2,5,2026-06-28,The Hybrid Freelance Marketplace Model: Web2 Speed With Web3 Trust,Platform Strategy,hybrid freelance marketplace,https://megilance.site/,"Share on LinkedIn, Facebook groups, freelancer communities, and add to XML sitemap after publishing."
2,6,2026-06-30,How Online Freelancing Can Become More Transparent,Platform Strategy,transparent freelance marketplace,https://megilance.site/,"Share on LinkedIn, Facebook groups, freelancer communities, and add to XML sitemap after publishing."
2,7,2026-07-02,The Ultimate Guide to Modern Freelance Marketplaces,Platform Strategy,modern freelance marketplace,https://megilance.site/,"Share on LinkedIn, Facebook groups, freelancer communities, and add to XML sitemap after publishing."
2,8,2026-07-04,What Makes a Freelance Platform Trustworthy for Clients and Freelancers,Platform Strategy,trustworthy freelance platform,https://megilance.site/,"Share on LinkedIn, Facebook groups, freelancer communities, and add to XML sitemap after publishing."
3,9,2026-07-06,Why Zero-Commission Freelancing Is a Strong Growth Idea,Platform Strategy,zero commission freelance platform,https://megilance.site/,"Share on LinkedIn, Facebook groups, freelancer communities, and add to XML sitemap after publishing."
3,10,2026-07-08,"How AI, Escrow, and Verified Profiles Work Together",Platform Strategy,AI escrow verified profiles freelance,https://megilance.site/,"Share on LinkedIn, Facebook groups, freelancer communities, and add to XML sitemap after publishing."
3,11,2026-07-10,How to Hire Top Freelance Developers Online Without Wasting Time,Client Hiring,hire freelance developers online,https://megilance.site/clients,"Share on LinkedIn, Facebook groups, freelancer communities, and add to XML sitemap after publishing."
3,12,2026-07-12,How to Write a Freelance Project Brief That Attracts Better Talent,Client Hiring,freelance project brief,https://megilance.site/clients,"Share on LinkedIn, Facebook groups, freelancer communities, and add to XML sitemap after publishing."
4,13,2026-07-14,How AI Matching Helps Clients Find the Right Freelancer Faster,Client Hiring,AI matching for clients,https://megilance.site/clients,"Share on LinkedIn, Facebook groups, freelancer communities, and add to XML sitemap after publishing."
4,14,2026-07-16,Best Way to Hire Freelancers for Startup Projects,Client Hiring,hire freelancers for startup,https://megilance.site/clients,"Share on LinkedIn, Facebook groups, freelancer communities, and add to XML sitemap after publishing."
4,15,2026-07-18,How to Compare Freelance Proposals Like a Professional Client,Client Hiring,compare freelance proposals,https://megilance.site/clients,"Share on LinkedIn, Facebook groups, freelancer communities, and add to XML sitemap after publishing."
4,16,2026-07-20,How to Set a Realistic Budget for a Freelance Project,Client Hiring,freelance project budget,https://megilance.site/clients,"Share on LinkedIn, Facebook groups, freelancer communities, and add to XML sitemap after publishing."
5,17,2026-07-22,Client Guide to Secure Milestone Payments in Freelancing,Client Hiring,secure milestone payments,https://megilance.site/clients,"Share on LinkedIn, Facebook groups, freelancer communities, and add to XML sitemap after publishing."
5,18,2026-07-24,How to Hire Freelancers for Long-Term Projects,Client Hiring,hire freelancers long term,https://megilance.site/clients,"Share on LinkedIn, Facebook groups, freelancer communities, and add to XML sitemap after publishing."
5,19,2026-07-26,How Small Businesses Can Use Freelancers to Scale Faster,Client Hiring,freelancers for small business,https://megilance.site/clients,"Share on LinkedIn, Facebook groups, freelancer communities, and add to XML sitemap after publishing."
5,20,2026-07-28,How to Avoid Hiring the Wrong Freelancer,Client Hiring,avoid hiring wrong freelancer,https://megilance.site/clients,"Share on LinkedIn, Facebook groups, freelancer communities, and add to XML sitemap after publishing."
6,21,2026-07-30,How to Hire Freelance Designers With Clear Expectations,Client Hiring,hire freelance designers,https://megilance.site/clients,"Share on LinkedIn, Facebook groups, freelancer communities, and add to XML sitemap after publishing."
6,22,2026-08-01,How to Hire Freelance Writers for Website Content,Client Hiring,hire freelance writers,https://megilance.site/clients,"Share on LinkedIn, Facebook groups, freelancer communities, and add to XML sitemap after publishing."
6,23,2026-08-03,How to Manage a Freelance Project From Start to Finish,Client Hiring,manage freelance project,https://megilance.site/clients,"Share on LinkedIn, Facebook groups, freelancer communities, and add to XML sitemap after publishing."
6,24,2026-08-05,Client Checklist Before Funding Freelance Escrow,Client Hiring,fund freelance escrow checklist,https://megilance.site/clients,"Share on LinkedIn, Facebook groups, freelancer communities, and add to XML sitemap after publishing."
7,25,2026-08-07,How Transparent Pricing Helps Clients Control Project Cost,Client Hiring,transparent freelance pricing,https://megilance.site/clients,"Share on LinkedIn, Facebook groups, freelancer communities, and add to XML sitemap after publishing."
7,26,2026-08-09,How to Find Better Freelance Jobs With AI Matching,Freelancer Growth,find freelance jobs with AI,https://megilance.site/freelancers,"Share on LinkedIn, Facebook groups, freelancer communities, and add to XML sitemap after publishing."
7,27,2026-08-11,How to Build a Freelancer Profile That Gets More Clients,Freelancer Growth,freelancer profile tips,https://megilance.site/freelancers,"Share on LinkedIn, Facebook groups, freelancer communities, and add to XML sitemap after publishing."
7,28,2026-08-13,How to Price Your Freelance Services Without Guesswork,Freelancer Growth,price freelance services,https://megilance.site/freelancers,"Share on LinkedIn, Facebook groups, freelancer communities, and add to XML sitemap after publishing."
8,29,2026-08-15,How to Write Winning Freelance Proposals,Freelancer Growth,winning freelance proposals,https://megilance.site/freelancers,"Share on LinkedIn, Facebook groups, freelancer communities, and add to XML sitemap after publishing."
8,30,2026-08-17,How Freelancers Can Use AI Tools to Save Time,Freelancer Growth,AI tools for freelancers,https://megilance.site/freelancers,"Share on LinkedIn, Facebook groups, freelancer communities, and add to XML sitemap after publishing."
8,31,2026-08-19,How to Get Paid Faster as a Freelancer,Freelancer Growth,get paid faster freelancer,https://megilance.site/freelancers,"Share on LinkedIn, Facebook groups, freelancer communities, and add to XML sitemap after publishing."
8,32,2026-08-21,How Freelancers Can Protect Their Reputation Online,Freelancer Growth,freelancer reputation management,https://megilance.site/freelancers,"Share on LinkedIn, Facebook groups, freelancer communities, and add to XML sitemap after publishing."
9,33,2026-08-23,Freelancer Guide to Smart Contract Escrow,Freelancer Growth,smart contract escrow for freelancers,https://megilance.site/freelancers,"Share on LinkedIn, Facebook groups, freelancer communities, and add to XML sitemap after publishing."
9,34,2026-08-25,How to Choose the Right Freelance Projects,Freelancer Growth,choose freelance projects,https://megilance.site/freelancers,"Share on LinkedIn, Facebook groups, freelancer communities, and add to XML sitemap after publishing."
9,35,2026-08-27,How to Grow From Beginner Freelancer to Trusted Expert,Freelancer Growth,beginner freelancer growth,https://megilance.site/freelancers,"Share on LinkedIn, Facebook groups, freelancer communities, and add to XML sitemap after publishing."
9,36,2026-08-29,How Skill Analysis Helps Freelancers Plan Their Career,Freelancer Growth,skill analyzer for freelancers,https://megilance.site/freelancers,"Share on LinkedIn, Facebook groups, freelancer communities, and add to XML sitemap after publishing."
10,37,2026-08-31,How to Increase Your Freelance Proposal Win Rate,Freelancer Growth,freelance proposal win rate,https://megilance.site/freelancers,"Share on LinkedIn, Facebook groups, freelancer communities, and add to XML sitemap after publishing."
10,38,2026-09-02,How Freelancers Can Use Transparent Pricing to Earn Fairly,Freelancer Growth,fair freelance pricing,https://megilance.site/freelancers,"Share on LinkedIn, Facebook groups, freelancer communities, and add to XML sitemap after publishing."
10,39,2026-09-04,How to Build Trust With New Freelance Clients,Freelancer Growth,build trust with freelance clients,https://megilance.site/freelancers,"Share on LinkedIn, Facebook groups, freelancer communities, and add to XML sitemap after publishing."
10,40,2026-09-06,How Freelancers in Emerging Markets Can Compete Globally,Freelancer Growth,freelancers emerging markets,https://megilance.site/freelancers,"Share on LinkedIn, Facebook groups, freelancer communities, and add to XML sitemap after publishing."
11,41,2026-09-08,AI Job Matching Explained for Freelance Marketplaces,AI Freelancing,AI job matching,https://megilance.site/ai,"Share on LinkedIn, Facebook groups, freelancer communities, and add to XML sitemap after publishing."
11,42,2026-09-10,How AI Price Estimation Works in Freelance Projects,AI Freelancing,AI price estimation,https://megilance.site/ai,"Share on LinkedIn, Facebook groups, freelancer communities, and add to XML sitemap after publishing."
11,43,2026-09-12,How AI Proposal Writers Help Freelancers Win More Work,AI Freelancing,AI proposal writer,https://megilance.site/ai,"Share on LinkedIn, Facebook groups, freelancer communities, and add to XML sitemap after publishing."
11,44,2026-09-14,How Fraud Detection AI Protects Freelance Marketplaces,AI Freelancing,AI fraud detection freelancing,https://megilance.site/ai,"Share on LinkedIn, Facebook groups, freelancer communities, and add to XML sitemap after publishing."
12,45,2026-09-16,How Sentiment Analysis Can Improve Freelancer Reviews,AI Freelancing,sentiment analysis freelancer reviews,https://megilance.site/ai,"Share on LinkedIn, Facebook groups, freelancer communities, and add to XML sitemap after publishing."
12,46,2026-09-18,How AI Chatbots Improve Freelance Platform Support,AI Freelancing,AI chatbot freelance platform,https://megilance.site/ai,"Share on LinkedIn, Facebook groups, freelancer communities, and add to XML sitemap after publishing."
12,47,2026-09-20,How Semantic Search Helps Clients Find Better Freelancers,AI Freelancing,semantic search freelancers,https://megilance.site/ai,"Share on LinkedIn, Facebook groups, freelancer communities, and add to XML sitemap after publishing."
12,48,2026-09-22,How AI Ranking Can Make Freelancing More Merit-Based,AI Freelancing,AI freelancer ranking,https://megilance.site/ai,"Share on LinkedIn, Facebook groups, freelancer communities, and add to XML sitemap after publishing."
13,49,2026-09-24,AI Tools Every Freelancer Should Use Before Sending a Proposal,AI Freelancing,AI tools before proposal,https://megilance.site/ai,"Share on LinkedIn, Facebook groups, freelancer communities, and add to XML sitemap after publishing."
13,50,2026-09-26,How Predictive Analytics Can Improve Freelance Hiring,AI Freelancing,predictive analytics freelance hiring,https://megilance.site/ai,"Share on LinkedIn, Facebook groups, freelancer communities, and add to XML sitemap after publishing."
13,51,2026-09-28,How Natural Language Processing Helps Freelance Platforms,AI Freelancing,NLP in freelance platforms,https://megilance.site/ai,"Share on LinkedIn, Facebook groups, freelancer communities, and add to XML sitemap after publishing."
13,52,2026-09-30,How AI Can Reduce Client Overhead in Freelance Hiring,AI Freelancing,AI reduce hiring overhead,https://megilance.site/ai,"Share on LinkedIn, Facebook groups, freelancer communities, and add to XML sitemap after publishing."
14,53,2026-10-02,How AI Helps Freelancers Choose High-ROI Skills,AI Freelancing,AI skill recommendations freelancers,https://megilance.site/ai,"Share on LinkedIn, Facebook groups, freelancer communities, and add to XML sitemap after publishing."
14,54,2026-10-04,How AI Quality Scores Can Improve Freelance Proposals,AI Freelancing,AI proposal quality score,https://megilance.site/ai,"Share on LinkedIn, Facebook groups, freelancer communities, and add to XML sitemap after publishing."
14,55,2026-10-06,How Multi-Language AI Support Can Grow Global Freelancing,AI Freelancing,multi language AI freelancing,https://megilance.site/ai,"Share on LinkedIn, Facebook groups, freelancer communities, and add to XML sitemap after publishing."
14,56,2026-10-08,What Is Freelance Escrow and How Does It Protect Both Sides,Escrow and Security,freelance escrow,https://megilance.site/how-it-works,"Share on LinkedIn, Facebook groups, freelancer communities, and add to XML sitemap after publishing."
15,57,2026-10-10,Smart Contract Escrow for Freelancing: Simple Explanation,Escrow and Security,smart contract escrow freelancing,https://megilance.site/how-it-works,"Share on LinkedIn, Facebook groups, freelancer communities, and add to XML sitemap after publishing."
15,58,2026-10-12,How Blockchain Payments Can Reduce Freelance Payment Barriers,Escrow and Security,blockchain payments freelancers,https://megilance.site/how-it-works,"Share on LinkedIn, Facebook groups, freelancer communities, and add to XML sitemap after publishing."
15,59,2026-10-14,How Milestone Escrow Reduces Freelance Project Risk,Escrow and Security,milestone escrow freelancing,https://megilance.site/how-it-works,"Share on LinkedIn, Facebook groups, freelancer communities, and add to XML sitemap after publishing."
15,60,2026-10-16,How Clients Can Pay Freelancers Safely Online,Escrow and Security,pay freelancers safely online,https://megilance.site/how-it-works,"Share on LinkedIn, Facebook groups, freelancer communities, and add to XML sitemap after publishing."
16,61,2026-10-18,How Freelancers Can Avoid Payment Delays,Escrow and Security,avoid freelance payment delays,https://megilance.site/how-it-works,"Share on LinkedIn, Facebook groups, freelancer communities, and add to XML sitemap after publishing."
16,62,2026-10-20,Why Transparent Payment Records Matter in Freelancing,Escrow and Security,transparent payment records,https://megilance.site/how-it-works,"Share on LinkedIn, Facebook groups, freelancer communities, and add to XML sitemap after publishing."
16,63,2026-10-22,How Dispute Resolution Works in Modern Freelance Platforms,Escrow and Security,freelance dispute resolution,https://megilance.site/how-it-works,"Share on LinkedIn, Facebook groups, freelancer communities, and add to XML sitemap after publishing."
16,64,2026-10-24,How Escrow Builds Trust Before Work Starts,Escrow and Security,escrow builds trust freelancing,https://megilance.site/how-it-works,"Share on LinkedIn, Facebook groups, freelancer communities, and add to XML sitemap after publishing."
17,65,2026-10-26,Blockchain Freelancing for Beginners,Escrow and Security,blockchain freelancing beginners,https://megilance.site/how-it-works,"Share on LinkedIn, Facebook groups, freelancer communities, and add to XML sitemap after publishing."
17,66,2026-10-28,USDC Freelance Payments: Beginner Guide for Global Workers,Escrow and Security,USDC freelance payments,https://megilance.site/how-it-works,"Share on LinkedIn, Facebook groups, freelancer communities, and add to XML sitemap after publishing."
17,67,2026-10-30,How to Structure Milestones for Secure Freelance Payments,Escrow and Security,freelance milestone structure,https://megilance.site/how-it-works,"Share on LinkedIn, Facebook groups, freelancer communities, and add to XML sitemap after publishing."
17,68,2026-11-01,Freelance Payment Security Checklist for Clients,Escrow and Security,freelance payment security checklist,https://megilance.site/how-it-works,"Share on LinkedIn, Facebook groups, freelancer communities, and add to XML sitemap after publishing."
18,69,2026-11-03,Freelance Payment Security Checklist for Freelancers,Escrow and Security,freelancer payment security checklist,https://megilance.site/how-it-works,"Share on LinkedIn, Facebook groups, freelancer communities, and add to XML sitemap after publishing."
18,70,2026-11-05,Why Hybrid Web2 and Web3 Security Works for Freelancing,Escrow and Security,Web2 Web3 freelance security,https://megilance.site/how-it-works,"Share on LinkedIn, Facebook groups, freelancer communities, and add to XML sitemap after publishing."
18,71,2026-11-07,Freelance Pricing Guide for Clients and Freelancers,Pricing and Proposals,freelance pricing guide,https://megilance.site/pricing,"Share on LinkedIn, Facebook groups, freelancer communities, and add to XML sitemap after publishing."
18,72,2026-11-09,Hourly Rate vs Fixed Price: Which Is Better for Freelance Projects,Pricing and Proposals,hourly vs fixed price freelance,https://megilance.site/pricing,"Share on LinkedIn, Facebook groups, freelancer communities, and add to XML sitemap after publishing."
19,73,2026-11-11,How to Estimate Software Development Project Cost,Pricing and Proposals,software development project cost estimate,https://megilance.site/pricing,"Share on LinkedIn, Facebook groups, freelancer communities, and add to XML sitemap after publishing."
19,74,2026-11-13,How to Estimate Design Project Cost Before Hiring,Pricing and Proposals,design project cost estimate,https://megilance.site/pricing,"Share on LinkedIn, Facebook groups, freelancer communities, and add to XML sitemap after publishing."
19,75,2026-11-15,How to Estimate Content Writing Project Cost,Pricing and Proposals,content writing project cost,https://megilance.site/pricing,"Share on LinkedIn, Facebook groups, freelancer communities, and add to XML sitemap after publishing."
19,76,2026-11-17,How Freelancers Can Raise Rates With Confidence,Pricing and Proposals,raise freelance rates,https://megilance.site/pricing,"Share on LinkedIn, Facebook groups, freelancer communities, and add to XML sitemap after publishing."
20,77,2026-11-19,How Clients Can Avoid Overpaying for Freelance Work,Pricing and Proposals,avoid overpaying freelancers,https://megilance.site/pricing,"Share on LinkedIn, Facebook groups, freelancer communities, and add to XML sitemap after publishing."
20,78,2026-11-21,How Transparent Platform Fees Help Freelancers Earn More,Pricing and Proposals,transparent platform fees,https://megilance.site/pricing,"Share on LinkedIn, Facebook groups, freelancer communities, and add to XML sitemap after publishing."
20,79,2026-11-23,Proposal Pricing Mistakes Freelancers Should Avoid,Pricing and Proposals,freelance proposal pricing mistakes,https://megilance.site/pricing,"Share on LinkedIn, Facebook groups, freelancer communities, and add to XML sitemap after publishing."
20,80,2026-11-25,How to Create a Fair Freelance Quote,Pricing and Proposals,fair freelance quote,https://megilance.site/pricing,"Share on LinkedIn, Facebook groups, freelancer communities, and add to XML sitemap after publishing."
21,81,2026-11-27,Best Freelancing Platform Ideas for Pakistani Freelancers,Global Freelancing,freelancing platform for Pakistani freelancers,https://megilance.site/about,"Share on LinkedIn, Facebook groups, freelancer communities, and add to XML sitemap after publishing."
21,82,2026-11-29,How Pakistani Freelancers Can Work With International Clients,Global Freelancing,Pakistani freelancers international clients,https://megilance.site/about,"Share on LinkedIn, Facebook groups, freelancer communities, and add to XML sitemap after publishing."
21,83,2026-12-01,Freelance Payment Problems in Pakistan and Possible Solutions,Global Freelancing,freelance payment problems Pakistan,https://megilance.site/about,"Share on LinkedIn, Facebook groups, freelancer communities, and add to XML sitemap after publishing."
21,84,2026-12-03,How Blockchain Escrow Can Help Freelancers Without PayPal,Global Freelancing,blockchain escrow without PayPal,https://megilance.site/about,"Share on LinkedIn, Facebook groups, freelancer communities, and add to XML sitemap after publishing."
22,85,2026-12-05,How Emerging Market Freelancers Can Build Global Trust,Global Freelancing,emerging market freelancers trust,https://megilance.site/about,"Share on LinkedIn, Facebook groups, freelancer communities, and add to XML sitemap after publishing."
22,86,2026-12-07,How Clients Can Hire Skilled Freelancers From Pakistan,Global Freelancing,hire freelancers from Pakistan,https://megilance.site/about,"Share on LinkedIn, Facebook groups, freelancer communities, and add to XML sitemap after publishing."
22,87,2026-12-09,Why Low-Fee Freelancing Matters for Developing Countries,Global Freelancing,low fee freelancing developing countries,https://megilance.site/about,"Share on LinkedIn, Facebook groups, freelancer communities, and add to XML sitemap after publishing."
22,88,2026-12-11,How Global Freelancing Can Become More Inclusive,Global Freelancing,inclusive global freelancing,https://megilance.site/about,"Share on LinkedIn, Facebook groups, freelancer communities, and add to XML sitemap after publishing."
23,89,2026-12-13,How Freelancers Can Compete Globally With Verified Skills,Global Freelancing,compete globally as freelancer,https://megilance.site/about,"Share on LinkedIn, Facebook groups, freelancer communities, and add to XML sitemap after publishing."
23,90,2026-12-15,How Smart Matching Can Help Clients Discover Hidden Talent,Global Freelancing,discover hidden freelance talent,https://megilance.site/about,"Share on LinkedIn, Facebook groups, freelancer communities, and add to XML sitemap after publishing."
23,91,2026-12-17,MegiLance vs Traditional Freelance Marketplaces: Key Differences,Guides and Comparisons,MegiLance vs traditional freelance marketplaces,https://megilance.site/,"Share on LinkedIn, Facebook groups, freelancer communities, and add to XML sitemap after publishing."
23,92,2026-12-19,Freelance Marketplace vs Job Board: What Is Better,Guides and Comparisons,freelance marketplace vs job board,https://megilance.site/,"Share on LinkedIn, Facebook groups, freelancer communities, and add to XML sitemap after publishing."
24,93,2026-12-21,Escrow vs Direct Payment for Freelance Work,Guides and Comparisons,escrow vs direct payment freelance,https://megilance.site/,"Share on LinkedIn, Facebook groups, freelancer communities, and add to XML sitemap after publishing."
24,94,2026-12-23,AI Matching vs Manual Freelancer Search,Guides and Comparisons,AI matching vs manual freelancer search,https://megilance.site/,"Share on LinkedIn, Facebook groups, freelancer communities, and add to XML sitemap after publishing."
24,95,2026-12-25,Crypto Payments vs Bank Transfers for Freelancers,Guides and Comparisons,crypto payments vs bank transfers freelancers,https://megilance.site/,"Share on LinkedIn, Facebook groups, freelancer communities, and add to XML sitemap after publishing."
24,96,2026-12-27,Verified Profiles vs Open Listings in Freelance Marketplaces,Guides and Comparisons,verified profiles freelance marketplace,https://megilance.site/,"Share on LinkedIn, Facebook groups, freelancer communities, and add to XML sitemap after publishing."
25,97,2026-12-29,How to Start Freelancing Online Step by Step,Guides and Comparisons,start freelancing online,https://megilance.site/,"Share on LinkedIn, Facebook groups, freelancer communities, and add to XML sitemap after publishing."
25,98,2026-12-31,How to Hire a Freelancer Online Step by Step,Guides and Comparisons,hire a freelancer online,https://megilance.site/,"Share on LinkedIn, Facebook groups, freelancer communities, and add to XML sitemap after publishing."
25,99,2027-01-02,Freelance Marketplace FAQ: Answers for Clients and Freelancers,Guides and Comparisons,freelance marketplace FAQ,https://megilance.site/,"Share on LinkedIn, Facebook groups, freelancer communities, and add to XML sitemap after publishing."
25,100,2027-01-04,Freelance Platform SEO Content Strategy for Marketplace Growth,Guides and Comparisons,freelance platform SEO strategy,https://megilance.site/,"Share on LinkedIn, Facebook groups, freelancer communities, and add to XML sitemap after publishing."
