No,Blog Title,Slug,Image File,Status
1,What Is an AI Freelancing Platform and Why It Matters in 2026,what-is-an-ai-freelancing-platform-and-why-it-matters-in-2026,featured_images/001_what-is-an-ai-freelancing-platform-and-why-it-matters-in-2026.png,included
2,AI and Blockchain Freelancing: A Complete Beginner Guide,ai-and-blockchain-freelancing-a-complete-beginner-guide,featured_images/002_ai-and-blockchain-freelancing-a-complete-beginner-guide.png,included
3,How MegiLance Is Building the Future of Freelancing,how-megilance-is-building-the-future-of-freelancing,featured_images/003_how-megilance-is-building-the-future-of-freelancing.png,included
4,Why Traditional Freelance Platforms Need AI and Escrow,why-traditional-freelance-platforms-need-ai-and-escrow,featured_images/004_why-traditional-freelance-platforms-need-ai-and-escrow.png,included
5,The Hybrid Freelance Marketplace Model: Web2 Speed With Web3 Trust,the-hybrid-freelance-marketplace-model-web2-speed-with-web3-trust,featured_images/005_the-hybrid-freelance-marketplace-model-web2-speed-with-web3-trust.png,included
6,How Online Freelancing Can Become More Transparent,how-online-freelancing-can-become-more-transparent,featured_images/006_how-online-freelancing-can-become-more-transparent.png,included
7,The Ultimate Guide to Modern Freelance Marketplaces,the-ultimate-guide-to-modern-freelance-marketplaces,featured_images/007_the-ultimate-guide-to-modern-freelance-marketplaces.png,included
8,What Makes a Freelance Platform Trustworthy for Clients and Freelancers,what-makes-a-freelance-platform-trustworthy-for-clients-and-freelancers,featured_images/008_what-makes-a-freelance-platform-trustworthy-for-clients-and-freelancers.png,included
9,Why Zero-Commission Freelancing Is a Strong Growth Idea,why-zero-commission-freelancing-is-a-strong-growth-idea,featured_images/009_why-zero-commission-freelancing-is-a-strong-growth-idea.png,included
10,"How AI, Escrow, and Verified Profiles Work Together",how-ai-escrow-and-verified-profiles-work-together,featured_images/010_how-ai-escrow-and-verified-profiles-work-together.png,included
11,How to Hire Top Freelance Developers Online Without Wasting Time,how-to-hire-top-freelance-developers-online-without-wasting-time,featured_images/011_how-to-hire-top-freelance-developers-online-without-wasting-time.png,included
12,How to Write a Freelance Project Brief That Attracts Better Talent,how-to-write-a-freelance-project-brief-that-attracts-better-talent,featured_images/012_how-to-write-a-freelance-project-brief-that-attracts-better-talent.png,included
13,How AI Matching Helps Clients Find the Right Freelancer Faster,how-ai-matching-helps-clients-find-the-right-freelancer-faster,featured_images/013_how-ai-matching-helps-clients-find-the-right-freelancer-faster.png,included
14,Best Way to Hire Freelancers for Startup Projects,best-way-to-hire-freelancers-for-startup-projects,featured_images/014_best-way-to-hire-freelancers-for-startup-projects.png,included
15,How to Compare Freelance Proposals Like a Professional Client,how-to-compare-freelance-proposals-like-a-professional-client,featured_images/015_how-to-compare-freelance-proposals-like-a-professional-client.png,included
16,How to Set a Realistic Budget for a Freelance Project,how-to-set-a-realistic-budget-for-a-freelance-project,featured_images/016_how-to-set-a-realistic-budget-for-a-freelance-project.png,included
17,Client Guide to Secure Milestone Payments in Freelancing,client-guide-to-secure-milestone-payments-in-freelancing,featured_images/017_client-guide-to-secure-milestone-payments-in-freelancing.png,included
18,How to Hire Freelancers for Long-Term Projects,how-to-hire-freelancers-for-long-term-projects,featured_images/018_how-to-hire-freelancers-for-long-term-projects.png,included
19,How Small Businesses Can Use Freelancers to Scale Faster,how-small-businesses-can-use-freelancers-to-scale-faster,featured_images/019_how-small-businesses-can-use-freelancers-to-scale-faster.png,included
20,How to Avoid Hiring the Wrong Freelancer,how-to-avoid-hiring-the-wrong-freelancer,featured_images/020_how-to-avoid-hiring-the-wrong-freelancer.png,included
21,How to Hire Freelance Designers With Clear Expectations,how-to-hire-freelance-designers-with-clear-expectations,featured_images/021_how-to-hire-freelance-designers-with-clear-expectations.png,included
22,How to Hire Freelance Writers for Website Content,how-to-hire-freelance-writers-for-website-content,featured_images/022_how-to-hire-freelance-writers-for-website-content.png,included
23,How to Manage a Freelance Project From Start to Finish,how-to-manage-a-freelance-project-from-start-to-finish,featured_images/023_how-to-manage-a-freelance-project-from-start-to-finish.png,included
24,Client Checklist Before Funding Freelance Escrow,client-checklist-before-funding-freelance-escrow,featured_images/024_client-checklist-before-funding-freelance-escrow.png,included
25,How Transparent Pricing Helps Clients Control Project Cost,how-transparent-pricing-helps-clients-control-project-cost,featured_images/025_how-transparent-pricing-helps-clients-control-project-cost.png,included
26,How to Find Better Freelance Jobs With AI Matching,how-to-find-better-freelance-jobs-with-ai-matching,featured_images/026_how-to-find-better-freelance-jobs-with-ai-matching.png,included
27,How to Build a Freelancer Profile That Gets More Clients,how-to-build-a-freelancer-profile-that-gets-more-clients,featured_images/027_how-to-build-a-freelancer-profile-that-gets-more-clients.png,included
28,How to Price Your Freelance Services Without Guesswork,how-to-price-your-freelance-services-without-guesswork,featured_images/028_how-to-price-your-freelance-services-without-guesswork.png,included
29,How to Write Winning Freelance Proposals,how-to-write-winning-freelance-proposals,featured_images/029_how-to-write-winning-freelance-proposals.png,included
30,How Freelancers Can Use AI Tools to Save Time,how-freelancers-can-use-ai-tools-to-save-time,featured_images/030_how-freelancers-can-use-ai-tools-to-save-time.png,included
