No,Title,Slug,URL,SEO Title,Meta Description,Focus Keyword,Secondary Keywords,Category,Audience,Search Intent,Suggested Publish Date,Word Count,Internal Links,Image Alt Text
1,What Is an AI Freelancing Platform and Why It Matters in 2026,what-is-an-ai-freelancing-platform-and-why-it-matters-in-2026,https://megilance.site/blog/what-is-an-ai-freelancing-platform-and-why-it-matters-in-2026,AI Freelancing Platform Guide | MegiLance,"Learn AI freelancing platform with practical steps, examples, and how MegiLance uses AI matching, escrow, and transparent pricing for safer freelancing.",AI freelancing platform,"AI freelance marketplace, smart freelancing platform, future of freelancing",Platform Strategy,Clients and freelancers,Informational,2026-06-20,949,https://megilance.site/ | https://megilance.site/how-it-works | https://megilance.site/about | https://megilance.site/clients,"Illustration for What Is an AI Freelancing Platform and Why It Matters in 2026 showing MegiLance AI matching, escrow protection, and transparent freelance workflow"
2,AI and Blockchain Freelancing: A Complete Beginner Guide,ai-and-blockchain-freelancing-a-complete-beginner-guide,https://megilance.site/blog/ai-and-blockchain-freelancing-a-complete-beginner-guide,AI And Blockchain Freelancing Guide | MegiLance,"Learn AI and blockchain freelancing with practical steps, examples, and how MegiLance uses AI matching, escrow, and transparent pricing for safer",AI and blockchain freelancing,"blockchain freelance platform, AI freelance platform, smart contract escrow",Platform Strategy,Clients and freelancers,Informational,2026-06-22,944,https://megilance.site/ | https://megilance.site/how-it-works | https://megilance.site/about | https://megilance.site/clients,"Illustration for AI and Blockchain Freelancing: A Complete Beginner Guide showing MegiLance AI matching, escrow protection, and transparent freelance workflow"
3,How MegiLance Is Building the Future of Freelancing,how-megilance-is-building-the-future-of-freelancing,https://megilance.site/blog/how-megilance-is-building-the-future-of-freelancing,Future Of Freelancing Platform Guide | MegiLance,"Learn future of freelancing platform with practical steps, examples, and how MegiLance uses AI matching, escrow, and transparent pricing for safer",future of freelancing platform,"MegiLance platform, next generation freelancing, online freelance marketplace",Platform Strategy,Clients and freelancers,Informational,2026-06-24,944,https://megilance.site/ | https://megilance.site/how-it-works | https://megilance.site/about | https://megilance.site/clients,"Illustration for How MegiLance Is Building the Future of Freelancing showing MegiLance AI matching, escrow protection, and transparent freelance workflow"
4,Why Traditional Freelance Platforms Need AI and Escrow,why-traditional-freelance-platforms-need-ai-and-escrow,https://megilance.site/blog/why-traditional-freelance-platforms-need-ai-and-escrow,Traditional Freelance Platforms Problems Guide | MegiLance,"Learn traditional freelance platforms problems with practical steps, examples, and how MegiLance uses AI matching, escrow, and transparent pricing for",traditional freelance platforms problems,"freelance platform fees, freelance trust problems, escrow payments",Platform Strategy,Clients and freelancers,Informational,2026-06-26,944,https://megilance.site/ | https://megilance.site/how-it-works | https://megilance.site/about | https://megilance.site/clients,"Illustration for Why Traditional Freelance Platforms Need AI and Escrow showing MegiLance AI matching, escrow protection, and transparent freelance workflow"
5,The Hybrid Freelance Marketplace Model: Web2 Speed With Web3 Trust,the-hybrid-freelance-marketplace-model-web2-speed-with-web3-trust,https://megilance.site/blog/the-hybrid-freelance-marketplace-model-web2-speed-with-web3-trust,Hybrid Freelance Marketplace Guide | MegiLance,"Learn hybrid freelance marketplace with practical steps, examples, and how MegiLance uses AI matching, escrow, and transparent pricing for safer",hybrid freelance marketplace,"Web2 Web3 marketplace, decentralized freelancing, blockchain marketplace",Platform Strategy,Clients and freelancers,Informational,2026-06-28,937,https://megilance.site/ | https://megilance.site/how-it-works | https://megilance.site/about | https://megilance.site/clients,"Illustration for The Hybrid Freelance Marketplace Model: Web2 Speed With Web3 Trust showing MegiLance AI matching, escrow protection, and transparent freelance workflow"
6,How Online Freelancing Can Become More Transparent,how-online-freelancing-can-become-more-transparent,https://megilance.site/blog/how-online-freelancing-can-become-more-transparent,Transparent Freelance Marketplace Guide | MegiLance,"Learn transparent freelance marketplace with practical steps, examples, and how MegiLance uses AI matching, escrow, and transparent pricing for safer",transparent freelance marketplace,"transparent pricing freelancers, freelance ranking system, trust in freelancing",Platform Strategy,Clients and freelancers,Informational,2026-06-30,930,https://megilance.site/ | https://megilance.site/how-it-works | https://megilance.site/about | https://megilance.site/clients,"Illustration for How Online Freelancing Can Become More Transparent showing MegiLance AI matching, escrow protection, and transparent freelance workflow"
7,The Ultimate Guide to Modern Freelance Marketplaces,the-ultimate-guide-to-modern-freelance-marketplaces,https://megilance.site/blog/the-ultimate-guide-to-modern-freelance-marketplaces,Modern Freelance Marketplace Guide | MegiLance,"Learn modern freelance marketplace with practical steps, examples, and how MegiLance uses AI matching, escrow, and transparent pricing for safer",modern freelance marketplace,"online freelance platform, freelance marketplace features, hire freelancers online",Platform Strategy,Clients and freelancers,Informational,2026-07-02,930,https://megilance.site/ | https://megilance.site/how-it-works | https://megilance.site/about | https://megilance.site/clients,"Illustration for The Ultimate Guide to Modern Freelance Marketplaces showing MegiLance AI matching, escrow protection, and transparent freelance workflow"
8,What Makes a Freelance Platform Trustworthy for Clients and Freelancers,what-makes-a-freelance-platform-trustworthy-for-clients-and-freelancers,https://megilance.site/blog/what-makes-a-freelance-platform-trustworthy-for-clients-and-freelancers,Trustworthy Freelance Platform Guide | MegiLance,"Learn trustworthy freelance platform with practical steps, examples, and how MegiLance uses AI matching, escrow, and transparent pricing for safer",trustworthy freelance platform,"trusted freelance website, secure freelance platform, verified freelancers",Platform Strategy,Clients and freelancers,Informational,2026-07-04,938,https://megilance.site/ | https://megilance.site/how-it-works | https://megilance.site/about | https://megilance.site/clients,"Illustration for What Makes a Freelance Platform Trustworthy for Clients and Freelancers showing MegiLance AI matching, escrow protection, and transparent freelance workflow"
9,Why Zero-Commission Freelancing Is a Strong Growth Idea,why-zero-commission-freelancing-is-a-strong-growth-idea,https://megilance.site/blog/why-zero-commission-freelancing-is-a-strong-growth-idea,Zero Commission Freelance Platform Guide | MegiLance,"Learn zero commission freelance platform with practical steps, examples, and how MegiLance uses AI matching, escrow, and transparent pricing for safer",zero commission freelance platform,"low fee freelance marketplace, freelancer earnings, platform fee comparison",Platform Strategy,Clients and freelancers,Informational,2026-07-06,946,https://megilance.site/ | https://megilance.site/how-it-works | https://megilance.site/about | https://megilance.site/clients,"Illustration for Why Zero-Commission Freelancing Is a Strong Growth Idea showing MegiLance AI matching, escrow protection, and transparent freelance workflow"
10,"How AI, Escrow, and Verified Profiles Work Together",how-ai-escrow-and-verified-profiles-work-together,https://megilance.site/blog/how-ai-escrow-and-verified-profiles-work-together,AI Escrow Verified Profiles Freelance Guide | MegiLance,"Learn AI escrow verified profiles freelance with practical steps, examples, and how MegiLance uses AI matching, escrow, and transparent pricing for safer",AI escrow verified profiles freelance,"verified freelancer profile, AI matching, escrow protection",Platform Strategy,Clients and freelancers,Informational,2026-07-08,949,https://megilance.site/ | https://megilance.site/how-it-works | https://megilance.site/about | https://megilance.site/clients,"Illustration for How AI, Escrow, and Verified Profiles Work Together showing MegiLance AI matching, escrow protection, and transparent freelance workflow"
11,How to Hire Top Freelance Developers Online Without Wasting Time,how-to-hire-top-freelance-developers-online-without-wasting-time,https://megilance.site/blog/how-to-hire-top-freelance-developers-online-without-wasting-time,Hire Freelance Developers Online Guide | MegiLance,"Learn hire freelance developers online with practical steps, examples, and how MegiLance uses AI matching, escrow, and transparent pricing for safer",hire freelance developers online,"hire developers, freelance software developer, AI matching freelancers",Client Hiring,Clients,Commercial investigation,2026-07-10,940,https://megilance.site/clients | https://megilance.site/how-it-works | https://megilance.site/pricing | https://megilance.site/,"Illustration for How to Hire Top Freelance Developers Online Without Wasting Time showing MegiLance AI matching, escrow protection, and transparent freelance workflow"
12,How to Write a Freelance Project Brief That Attracts Better Talent,how-to-write-a-freelance-project-brief-that-attracts-better-talent,https://megilance.site/blog/how-to-write-a-freelance-project-brief-that-attracts-better-talent,Freelance Project Brief Guide | MegiLance,"Learn freelance project brief with practical steps, examples, and how MegiLance uses AI matching, escrow, and transparent pricing for safer freelancing.",freelance project brief,"project brief template, hire freelancers, freelance requirements",Client Hiring,Clients,Commercial investigation,2026-07-12,933,https://megilance.site/clients | https://megilance.site/how-it-works | https://megilance.site/pricing | https://megilance.site/,"Illustration for How to Write a Freelance Project Brief That Attracts Better Talent showing MegiLance AI matching, escrow protection, and transparent freelance workflow"
13,How AI Matching Helps Clients Find the Right Freelancer Faster,how-ai-matching-helps-clients-find-the-right-freelancer-faster,https://megilance.site/blog/how-ai-matching-helps-clients-find-the-right-freelancer-faster,AI Matching For Clients Guide | MegiLance,"Learn AI matching for clients with practical steps, examples, and how MegiLance uses AI matching, escrow, and transparent pricing for safer freelancing.",AI matching for clients,"freelancer matching algorithm, hire top freelancers, AI talent matching",Client Hiring,Clients,Commercial investigation,2026-07-14,944,https://megilance.site/clients | https://megilance.site/how-it-works | https://megilance.site/pricing | https://megilance.site/,"Illustration for How AI Matching Helps Clients Find the Right Freelancer Faster showing MegiLance AI matching, escrow protection, and transparent freelance workflow"
14,Best Way to Hire Freelancers for Startup Projects,best-way-to-hire-freelancers-for-startup-projects,https://megilance.site/blog/best-way-to-hire-freelancers-for-startup-projects,Hire Freelancers For Startup Guide | MegiLance,"Learn hire freelancers for startup with practical steps, examples, and how MegiLance uses AI matching, escrow, and transparent pricing for safer",hire freelancers for startup,"startup freelancers, hire remote talent, freelance team",Client Hiring,Clients,Commercial investigation,2026-07-16,931,https://megilance.site/clients | https://megilance.site/how-it-works | https://megilance.site/pricing | https://megilance.site/,"Illustration for Best Way to Hire Freelancers for Startup Projects showing MegiLance AI matching, escrow protection, and transparent freelance workflow"
15,How to Compare Freelance Proposals Like a Professional Client,how-to-compare-freelance-proposals-like-a-professional-client,https://megilance.site/blog/how-to-compare-freelance-proposals-like-a-professional-client,Compare Freelance Proposals Guide | MegiLance,"Learn compare freelance proposals with practical steps, examples, and how MegiLance uses AI matching, escrow, and transparent pricing for safer",compare freelance proposals,"freelance proposal review, hire freelancer checklist, proposal quality score",Client Hiring,Clients,Commercial investigation,2026-07-18,930,https://megilance.site/clients | https://megilance.site/how-it-works | https://megilance.site/pricing | https://megilance.site/,"Illustration for How to Compare Freelance Proposals Like a Professional Client showing MegiLance AI matching, escrow protection, and transparent freelance workflow"
16,How to Set a Realistic Budget for a Freelance Project,how-to-set-a-realistic-budget-for-a-freelance-project,https://megilance.site/blog/how-to-set-a-realistic-budget-for-a-freelance-project,Freelance Project Budget Guide | MegiLance,"Learn freelance project budget with practical steps, examples, and how MegiLance uses AI matching, escrow, and transparent pricing for safer freelancing.",freelance project budget,"freelance price estimate, project cost calculator, freelancer rates",Client Hiring,Clients,Commercial investigation,2026-07-20,930,https://megilance.site/clients | https://megilance.site/how-it-works | https://megilance.site/pricing | https://megilance.site/,"Illustration for How to Set a Realistic Budget for a Freelance Project showing MegiLance AI matching, escrow protection, and transparent freelance workflow"
17,Client Guide to Secure Milestone Payments in Freelancing,client-guide-to-secure-milestone-payments-in-freelancing,https://megilance.site/blog/client-guide-to-secure-milestone-payments-in-freelancing,Secure Milestone Payments Guide | MegiLance,"Learn secure milestone payments with practical steps, examples, and how MegiLance uses AI matching, escrow, and transparent pricing for safer freelancing.",secure milestone payments,"milestone escrow, freelance payment protection, client payment safety",Client Hiring,Clients,Commercial investigation,2026-07-22,923,https://megilance.site/clients | https://megilance.site/how-it-works | https://megilance.site/pricing | https://megilance.site/,"Illustration for Client Guide to Secure Milestone Payments in Freelancing showing MegiLance AI matching, escrow protection, and transparent freelance workflow"
18,How to Hire Freelancers for Long-Term Projects,how-to-hire-freelancers-for-long-term-projects,https://megilance.site/blog/how-to-hire-freelancers-for-long-term-projects,How to Hire Freelancers for Long-Term Projects | MegiLance,"Learn hire freelancers long term with practical steps, examples, and how MegiLance uses AI matching, escrow, and transparent pricing for safer freelancing.",hire freelancers long term,"long term freelancer, remote freelancer contract, ongoing freelance work",Client Hiring,Clients,Commercial investigation,2026-07-24,934,https://megilance.site/clients | https://megilance.site/how-it-works | https://megilance.site/pricing | https://megilance.site/,"Illustration for How to Hire Freelancers for Long-Term Projects showing MegiLance AI matching, escrow protection, and transparent freelance workflow"
19,How Small Businesses Can Use Freelancers to Scale Faster,how-small-businesses-can-use-freelancers-to-scale-faster,https://megilance.site/blog/how-small-businesses-can-use-freelancers-to-scale-faster,Freelancers For Small Business Guide | MegiLance,"Learn freelancers for small business with practical steps, examples, and how MegiLance uses AI matching, escrow, and transparent pricing for safer",freelancers for small business,"small business outsourcing, hire remote freelancers, freelance services",Client Hiring,Clients,Commercial investigation,2026-07-26,937,https://megilance.site/clients | https://megilance.site/how-it-works | https://megilance.site/pricing | https://megilance.site/,"Illustration for How Small Businesses Can Use Freelancers to Scale Faster showing MegiLance AI matching, escrow protection, and transparent freelance workflow"
20,How to Avoid Hiring the Wrong Freelancer,how-to-avoid-hiring-the-wrong-freelancer,https://megilance.site/blog/how-to-avoid-hiring-the-wrong-freelancer,How to Avoid Hiring the Wrong Freelancer | MegiLance,"Learn avoid hiring wrong freelancer with practical steps, examples, and how MegiLance uses AI matching, escrow, and transparent pricing for safer",avoid hiring wrong freelancer,"freelancer screening, verified freelancer, hire freelancer safely",Client Hiring,Clients,Commercial investigation,2026-07-28,927,https://megilance.site/clients | https://megilance.site/how-it-works | https://megilance.site/pricing | https://megilance.site/,"Illustration for How to Avoid Hiring the Wrong Freelancer showing MegiLance AI matching, escrow protection, and transparent freelance workflow"
21,How to Hire Freelance Designers With Clear Expectations,how-to-hire-freelance-designers-with-clear-expectations,https://megilance.site/blog/how-to-hire-freelance-designers-with-clear-expectations,Hire Freelance Designers Guide | MegiLance,"Learn hire freelance designers with practical steps, examples, and how MegiLance uses AI matching, escrow, and transparent pricing for safer freelancing.",hire freelance designers,"freelance designer, design project brief, creative freelancers",Client Hiring,Clients,Commercial investigation,2026-07-30,924,https://megilance.site/clients | https://megilance.site/how-it-works | https://megilance.site/pricing | https://megilance.site/,"Illustration for How to Hire Freelance Designers With Clear Expectations showing MegiLance AI matching, escrow protection, and transparent freelance workflow"
22,How to Hire Freelance Writers for Website Content,how-to-hire-freelance-writers-for-website-content,https://megilance.site/blog/how-to-hire-freelance-writers-for-website-content,Hire Freelance Writers Guide | MegiLance,"Learn hire freelance writers with practical steps, examples, and how MegiLance uses AI matching, escrow, and transparent pricing for safer freelancing.",hire freelance writers,"content writer freelancer, SEO writing freelancer, website content writing",Client Hiring,Clients,Commercial investigation,2026-08-01,926,https://megilance.site/clients | https://megilance.site/how-it-works | https://megilance.site/pricing | https://megilance.site/,"Illustration for How to Hire Freelance Writers for Website Content showing MegiLance AI matching, escrow protection, and transparent freelance workflow"
23,How to Manage a Freelance Project From Start to Finish,how-to-manage-a-freelance-project-from-start-to-finish,https://megilance.site/blog/how-to-manage-a-freelance-project-from-start-to-finish,Manage Freelance Project Guide | MegiLance,"Learn manage freelance project with practical steps, examples, and how MegiLance uses AI matching, escrow, and transparent pricing for safer freelancing.",manage freelance project,"freelance project management, milestone management, remote work collaboration",Client Hiring,Clients,Commercial investigation,2026-08-03,929,https://megilance.site/clients | https://megilance.site/how-it-works | https://megilance.site/pricing | https://megilance.site/,"Illustration for How to Manage a Freelance Project From Start to Finish showing MegiLance AI matching, escrow protection, and transparent freelance workflow"
24,Client Checklist Before Funding Freelance Escrow,client-checklist-before-funding-freelance-escrow,https://megilance.site/blog/client-checklist-before-funding-freelance-escrow,Client Checklist Before Funding Freelance Escrow | MegiLance,"Learn fund freelance escrow checklist with practical steps, examples, and how MegiLance uses AI matching, escrow, and transparent pricing for safer",fund freelance escrow checklist,"escrow checklist, secure freelance payment, smart contract escrow",Client Hiring,Clients,Commercial investigation,2026-08-05,926,https://megilance.site/clients | https://megilance.site/how-it-works | https://megilance.site/pricing | https://megilance.site/,"Illustration for Client Checklist Before Funding Freelance Escrow showing MegiLance AI matching, escrow protection, and transparent freelance workflow"
25,How Transparent Pricing Helps Clients Control Project Cost,how-transparent-pricing-helps-clients-control-project-cost,https://megilance.site/blog/how-transparent-pricing-helps-clients-control-project-cost,Transparent Freelance Pricing Guide | MegiLance,"Learn transparent freelance pricing with practical steps, examples, and how MegiLance uses AI matching, escrow, and transparent pricing for safer",transparent freelance pricing,"freelance pricing, no hidden fees, client budget control",Client Hiring,Clients,Commercial investigation,2026-08-07,923,https://megilance.site/clients | https://megilance.site/how-it-works | https://megilance.site/pricing | https://megilance.site/,"Illustration for How Transparent Pricing Helps Clients Control Project Cost showing MegiLance AI matching, escrow protection, and transparent freelance workflow"
26,How to Find Better Freelance Jobs With AI Matching,how-to-find-better-freelance-jobs-with-ai-matching,https://megilance.site/blog/how-to-find-better-freelance-jobs-with-ai-matching,Find Freelance Jobs With AI Guide | MegiLance,"Learn find freelance jobs with AI with practical steps, examples, and how MegiLance uses AI matching, escrow, and transparent pricing for safer",find freelance jobs with AI,"AI job matching, freelance jobs online, freelancer marketplace",Freelancer Growth,Freelancers,Informational / commercial,2026-08-09,943,https://megilance.site/freelancers | https://megilance.site/ai | https://megilance.site/how-it-works | https://megilance.site/,"Illustration for How to Find Better Freelance Jobs With AI Matching showing MegiLance AI matching, escrow protection, and transparent freelance workflow"
27,How to Build a Freelancer Profile That Gets More Clients,how-to-build-a-freelancer-profile-that-gets-more-clients,https://megilance.site/blog/how-to-build-a-freelancer-profile-that-gets-more-clients,Freelancer Profile Tips Guide | MegiLance,"Learn freelancer profile tips with practical steps, examples, and how MegiLance uses AI matching, escrow, and transparent pricing for safer freelancing.",freelancer profile tips,"freelancer profile, get freelance clients, verified profile",Freelancer Growth,Freelancers,Informational / commercial,2026-08-11,923,https://megilance.site/freelancers | https://megilance.site/ai | https://megilance.site/how-it-works | https://megilance.site/,"Illustration for How to Build a Freelancer Profile That Gets More Clients showing MegiLance AI matching, escrow protection, and transparent freelance workflow"
28,How to Price Your Freelance Services Without Guesswork,how-to-price-your-freelance-services-without-guesswork,https://megilance.site/blog/how-to-price-your-freelance-services-without-guesswork,Price Freelance Services Guide | MegiLance,"Learn price freelance services with practical steps, examples, and how MegiLance uses AI matching, escrow, and transparent pricing for safer freelancing.",price freelance services,"freelance rates, rate advisor, hourly rate recommendation",Freelancer Growth,Freelancers,Informational / commercial,2026-08-13,917,https://megilance.site/freelancers | https://megilance.site/ai | https://megilance.site/how-it-works | https://megilance.site/,"Illustration for How to Price Your Freelance Services Without Guesswork showing MegiLance AI matching, escrow protection, and transparent freelance workflow"
29,How to Write Winning Freelance Proposals,how-to-write-winning-freelance-proposals,https://megilance.site/blog/how-to-write-winning-freelance-proposals,How to Write Winning Freelance Proposals | MegiLance,"Learn winning freelance proposals with practical steps, examples, and how MegiLance uses AI matching, escrow, and transparent pricing for safer",winning freelance proposals,"freelance proposal template, proposal writer, client proposal",Freelancer Growth,Freelancers,Informational / commercial,2026-08-15,910,https://megilance.site/freelancers | https://megilance.site/ai | https://megilance.site/how-it-works | https://megilance.site/,"Illustration for How to Write Winning Freelance Proposals showing MegiLance AI matching, escrow protection, and transparent freelance workflow"
30,How Freelancers Can Use AI Tools to Save Time,how-freelancers-can-use-ai-tools-to-save-time,https://megilance.site/blog/how-freelancers-can-use-ai-tools-to-save-time,How Freelancers Can Use AI Tools to Save Time | MegiLance,"Learn AI tools for freelancers with practical steps, examples, and how MegiLance uses AI matching, escrow, and transparent pricing for safer freelancing.",AI tools for freelancers,"freelancer AI tools, proposal generator, AI chatbot",Freelancer Growth,Freelancers,Informational / commercial,2026-08-17,931,https://megilance.site/freelancers | https://megilance.site/ai | https://megilance.site/how-it-works | https://megilance.site/,"Illustration for How Freelancers Can Use AI Tools to Save Time showing MegiLance AI matching, escrow protection, and transparent freelance workflow"
31,How to Get Paid Faster as a Freelancer,how-to-get-paid-faster-as-a-freelancer,https://megilance.site/blog/how-to-get-paid-faster-as-a-freelancer,How to Get Paid Faster as a Freelancer | MegiLance,"Learn get paid faster freelancer with practical steps, examples, and how MegiLance uses AI matching, escrow, and transparent pricing for safer freelancing.",get paid faster freelancer,"instant freelance payments, crypto freelance payments, USDC payments",Freelancer Growth,Freelancers,Informational / commercial,2026-08-19,930,https://megilance.site/freelancers | https://megilance.site/ai | https://megilance.site/how-it-works | https://megilance.site/,"Illustration for How to Get Paid Faster as a Freelancer showing MegiLance AI matching, escrow protection, and transparent freelance workflow"
32,How Freelancers Can Protect Their Reputation Online,how-freelancers-can-protect-their-reputation-online,https://megilance.site/blog/how-freelancers-can-protect-their-reputation-online,Freelancer Reputation Management Guide | MegiLance,"Learn freelancer reputation management with practical steps, examples, and how MegiLance uses AI matching, escrow, and transparent pricing for safer",freelancer reputation management,"freelancer reviews, sentiment analysis, online reputation",Freelancer Growth,Freelancers,Informational / commercial,2026-08-21,915,https://megilance.site/freelancers | https://megilance.site/ai | https://megilance.site/how-it-works | https://megilance.site/,"Illustration for How Freelancers Can Protect Their Reputation Online showing MegiLance AI matching, escrow protection, and transparent freelance workflow"
33,Freelancer Guide to Smart Contract Escrow,freelancer-guide-to-smart-contract-escrow,https://megilance.site/blog/freelancer-guide-to-smart-contract-escrow,Freelancer Guide to Smart Contract Escrow | MegiLance,"Learn smart contract escrow for freelancers with practical steps, examples, and how MegiLance uses AI matching, escrow, and transparent pricing for safer",smart contract escrow for freelancers,"freelance escrow, blockchain payment, payment protection",Freelancer Growth,Freelancers,Informational / commercial,2026-08-23,931,https://megilance.site/freelancers | https://megilance.site/ai | https://megilance.site/how-it-works | https://megilance.site/,"Illustration for Freelancer Guide to Smart Contract Escrow showing MegiLance AI matching, escrow protection, and transparent freelance workflow"
34,How to Choose the Right Freelance Projects,how-to-choose-the-right-freelance-projects,https://megilance.site/blog/how-to-choose-the-right-freelance-projects,How to Choose the Right Freelance Projects | MegiLance,"Learn choose freelance projects with practical steps, examples, and how MegiLance uses AI matching, escrow, and transparent pricing for safer freelancing.",choose freelance projects,"freelance project selection, best freelance jobs, AI ranking score",Freelancer Growth,Freelancers,Informational / commercial,2026-08-25,916,https://megilance.site/freelancers | https://megilance.site/ai | https://megilance.site/how-it-works | https://megilance.site/,"Illustration for How to Choose the Right Freelance Projects showing MegiLance AI matching, escrow protection, and transparent freelance workflow"
35,How to Grow From Beginner Freelancer to Trusted Expert,how-to-grow-from-beginner-freelancer-to-trusted-expert,https://megilance.site/blog/how-to-grow-from-beginner-freelancer-to-trusted-expert,Beginner Freelancer Growth Guide | MegiLance,"Learn beginner freelancer growth with practical steps, examples, and how MegiLance uses AI matching, escrow, and transparent pricing for safer freelancing.",beginner freelancer growth,"freelance career growth, build freelance portfolio, freelancer skills",Freelancer Growth,Freelancers,Informational / commercial,2026-08-27,922,https://megilance.site/freelancers | https://megilance.site/ai | https://megilance.site/how-it-works | https://megilance.site/,"Illustration for How to Grow From Beginner Freelancer to Trusted Expert showing MegiLance AI matching, escrow protection, and transparent freelance workflow"
36,How Skill Analysis Helps Freelancers Plan Their Career,how-skill-analysis-helps-freelancers-plan-their-career,https://megilance.site/blog/how-skill-analysis-helps-freelancers-plan-their-career,Skill Analyzer For Freelancers Guide | MegiLance,"Learn skill analyzer for freelancers with practical steps, examples, and how MegiLance uses AI matching, escrow, and transparent pricing for safer",skill analyzer for freelancers,"skill gap analysis, freelancer career roadmap, market demand skills",Freelancer Growth,Freelancers,Informational / commercial,2026-08-29,929,https://megilance.site/freelancers | https://megilance.site/ai | https://megilance.site/how-it-works | https://megilance.site/,"Illustration for How Skill Analysis Helps Freelancers Plan Their Career showing MegiLance AI matching, escrow protection, and transparent freelance workflow"
37,How to Increase Your Freelance Proposal Win Rate,how-to-increase-your-freelance-proposal-win-rate,https://megilance.site/blog/how-to-increase-your-freelance-proposal-win-rate,How to Increase Your Freelance Proposal Win Rate | MegiLance,"Learn freelance proposal win rate with practical steps, examples, and how MegiLance uses AI matching, escrow, and transparent pricing for safer",freelance proposal win rate,"proposal quality score, win more projects, freelance bidding tips",Freelancer Growth,Freelancers,Informational / commercial,2026-08-31,929,https://megilance.site/freelancers | https://megilance.site/ai | https://megilance.site/how-it-works | https://megilance.site/,"Illustration for How to Increase Your Freelance Proposal Win Rate showing MegiLance AI matching, escrow protection, and transparent freelance workflow"
38,How Freelancers Can Use Transparent Pricing to Earn Fairly,how-freelancers-can-use-transparent-pricing-to-earn-fairly,https://megilance.site/blog/how-freelancers-can-use-transparent-pricing-to-earn-fairly,Fair Freelance Pricing Guide | MegiLance,"Learn fair freelance pricing with practical steps, examples, and how MegiLance uses AI matching, escrow, and transparent pricing for safer freelancing.",fair freelance pricing,"freelancer fair pay, transparent rates, low fee freelance platform",Freelancer Growth,Freelancers,Informational / commercial,2026-09-02,922,https://megilance.site/freelancers | https://megilance.site/ai | https://megilance.site/how-it-works | https://megilance.site/,"Illustration for How Freelancers Can Use Transparent Pricing to Earn Fairly showing MegiLance AI matching, escrow protection, and transparent freelance workflow"
39,How to Build Trust With New Freelance Clients,how-to-build-trust-with-new-freelance-clients,https://megilance.site/blog/how-to-build-trust-with-new-freelance-clients,How to Build Trust With New Freelance Clients | MegiLance,"Learn build trust with freelance clients with practical steps, examples, and how MegiLance uses AI matching, escrow, and transparent pricing for safer",build trust with freelance clients,"freelancer trust, client communication, verified credentials",Freelancer Growth,Freelancers,Informational / commercial,2026-09-04,936,https://megilance.site/freelancers | https://megilance.site/ai | https://megilance.site/how-it-works | https://megilance.site/,"Illustration for How to Build Trust With New Freelance Clients showing MegiLance AI matching, escrow protection, and transparent freelance workflow"
40,How Freelancers in Emerging Markets Can Compete Globally,how-freelancers-in-emerging-markets-can-compete-globally,https://megilance.site/blog/how-freelancers-in-emerging-markets-can-compete-globally,Freelancers Emerging Markets Guide | MegiLance,"Learn freelancers emerging markets with practical steps, examples, and how MegiLance uses AI matching, escrow, and transparent pricing for safer",freelancers emerging markets,"global freelancing, freelancers Pakistan, international freelance work",Freelancer Growth,Freelancers,Informational / commercial,2026-09-06,920,https://megilance.site/freelancers | https://megilance.site/ai | https://megilance.site/how-it-works | https://megilance.site/,"Illustration for How Freelancers in Emerging Markets Can Compete Globally showing MegiLance AI matching, escrow protection, and transparent freelance workflow"
41,AI Job Matching Explained for Freelance Marketplaces,ai-job-matching-explained-for-freelance-marketplaces,https://megilance.site/blog/ai-job-matching-explained-for-freelance-marketplaces,AI Job Matching Guide | MegiLance,"Learn AI job matching with practical steps, examples, and how MegiLance uses AI matching, escrow, and transparent pricing for safer freelancing.",AI job matching,"freelancer matching algorithm, skill matching, machine learning marketplace",AI Freelancing,Clients and freelancers,Informational,2026-09-08,914,https://megilance.site/ai | https://megilance.site/price-estimator | https://megilance.site/ai-chatbot | https://megilance.site/,"Illustration for AI Job Matching Explained for Freelance Marketplaces showing MegiLance AI matching, escrow protection, and transparent freelance workflow"
42,How AI Price Estimation Works in Freelance Projects,how-ai-price-estimation-works-in-freelance-projects,https://megilance.site/blog/how-ai-price-estimation-works-in-freelance-projects,AI Price Estimation Guide | MegiLance,"Learn AI price estimation with practical steps, examples, and how MegiLance uses AI matching, escrow, and transparent pricing for safer freelancing.",AI price estimation,"price estimator, freelance project pricing, market based pricing",AI Freelancing,Clients and freelancers,Informational,2026-09-10,917,https://megilance.site/ai | https://megilance.site/price-estimator | https://megilance.site/ai-chatbot | https://megilance.site/,"Illustration for How AI Price Estimation Works in Freelance Projects showing MegiLance AI matching, escrow protection, and transparent freelance workflow"
43,How AI Proposal Writers Help Freelancers Win More Work,how-ai-proposal-writers-help-freelancers-win-more-work,https://megilance.site/blog/how-ai-proposal-writers-help-freelancers-win-more-work,AI Proposal Writer Guide | MegiLance,"Learn AI proposal writer with practical steps, examples, and how MegiLance uses AI matching, escrow, and transparent pricing for safer freelancing.",AI proposal writer,"proposal generator, freelance proposal AI, proposal templates",AI Freelancing,Clients and freelancers,Informational,2026-09-12,918,https://megilance.site/ai | https://megilance.site/price-estimator | https://megilance.site/ai-chatbot | https://megilance.site/,"Illustration for How AI Proposal Writers Help Freelancers Win More Work showing MegiLance AI matching, escrow protection, and transparent freelance workflow"
44,How Fraud Detection AI Protects Freelance Marketplaces,how-fraud-detection-ai-protects-freelance-marketplaces,https://megilance.site/blog/how-fraud-detection-ai-protects-freelance-marketplaces,AI Fraud Detection Freelancing Guide | MegiLance,"Learn AI fraud detection freelancing with practical steps, examples, and how MegiLance uses AI matching, escrow, and transparent pricing for safer",AI fraud detection freelancing,"fraud detector, risk scoring, freelance scams",AI Freelancing,Clients and freelancers,Informational,2026-09-14,920,https://megilance.site/ai | https://megilance.site/price-estimator | https://megilance.site/ai-chatbot | https://megilance.site/,"Illustration for How Fraud Detection AI Protects Freelance Marketplaces showing MegiLance AI matching, escrow protection, and transparent freelance workflow"
45,How Sentiment Analysis Can Improve Freelancer Reviews,how-sentiment-analysis-can-improve-freelancer-reviews,https://megilance.site/blog/how-sentiment-analysis-can-improve-freelancer-reviews,Sentiment Analysis Freelancer Reviews Guide | MegiLance,"Learn sentiment analysis freelancer reviews with practical steps, examples, and how MegiLance uses AI matching, escrow, and transparent pricing for safer",sentiment analysis freelancer reviews,"review sentiment analysis, AI reviews, reputation protection",AI Freelancing,Clients and freelancers,Informational,2026-09-16,922,https://megilance.site/ai | https://megilance.site/price-estimator | https://megilance.site/ai-chatbot | https://megilance.site/,"Illustration for How Sentiment Analysis Can Improve Freelancer Reviews showing MegiLance AI matching, escrow protection, and transparent freelance workflow"
46,How AI Chatbots Improve Freelance Platform Support,how-ai-chatbots-improve-freelance-platform-support,https://megilance.site/blog/how-ai-chatbots-improve-freelance-platform-support,AI Chatbot Freelance Platform Guide | MegiLance,"Learn AI chatbot freelance platform with practical steps, examples, and how MegiLance uses AI matching, escrow, and transparent pricing for safer",AI chatbot freelance platform,"AI chatbot support, freelance help center, platform navigation",AI Freelancing,Clients and freelancers,Informational,2026-09-18,923,https://megilance.site/ai | https://megilance.site/price-estimator | https://megilance.site/ai-chatbot | https://megilance.site/,"Illustration for How AI Chatbots Improve Freelance Platform Support showing MegiLance AI matching, escrow protection, and transparent freelance workflow"
47,How Semantic Search Helps Clients Find Better Freelancers,how-semantic-search-helps-clients-find-better-freelancers,https://megilance.site/blog/how-semantic-search-helps-clients-find-better-freelancers,Semantic Search Freelancers Guide | MegiLance,"Learn semantic search freelancers with practical steps, examples, and how MegiLance uses AI matching, escrow, and transparent pricing for safer",semantic search freelancers,"semantic embeddings, talent search, AI-powered search",AI Freelancing,Clients and freelancers,Informational,2026-09-20,915,https://megilance.site/ai | https://megilance.site/price-estimator | https://megilance.site/ai-chatbot | https://megilance.site/,"Illustration for How Semantic Search Helps Clients Find Better Freelancers showing MegiLance AI matching, escrow protection, and transparent freelance workflow"
48,How AI Ranking Can Make Freelancing More Merit-Based,how-ai-ranking-can-make-freelancing-more-merit-based,https://megilance.site/blog/how-ai-ranking-can-make-freelancing-more-merit-based,AI Freelancer Ranking Guide | MegiLance,"Learn AI freelancer ranking with practical steps, examples, and how MegiLance uses AI matching, escrow, and transparent pricing for safer freelancing.",AI freelancer ranking,"freelancer ranking system, objective ranking, verified performance",AI Freelancing,Clients and freelancers,Informational,2026-09-22,918,https://megilance.site/ai | https://megilance.site/price-estimator | https://megilance.site/ai-chatbot | https://megilance.site/,"Illustration for How AI Ranking Can Make Freelancing More Merit-Based showing MegiLance AI matching, escrow protection, and transparent freelance workflow"
49,AI Tools Every Freelancer Should Use Before Sending a Proposal,ai-tools-every-freelancer-should-use-before-sending-a-proposal,https://megilance.site/blog/ai-tools-every-freelancer-should-use-before-sending-a-proposal,AI Tools Before Proposal Guide | MegiLance,"Learn AI tools before proposal with practical steps, examples, and how MegiLance uses AI matching, escrow, and transparent pricing for safer freelancing.",AI tools before proposal,"proposal AI tools, price estimate, skill analyzer",AI Freelancing,Clients and freelancers,Informational,2026-09-24,930,https://megilance.site/ai | https://megilance.site/price-estimator | https://megilance.site/ai-chatbot | https://megilance.site/,"Illustration for AI Tools Every Freelancer Should Use Before Sending a Proposal showing MegiLance AI matching, escrow protection, and transparent freelance workflow"
50,How Predictive Analytics Can Improve Freelance Hiring,how-predictive-analytics-can-improve-freelance-hiring,https://megilance.site/blog/how-predictive-analytics-can-improve-freelance-hiring,Predictive Analytics Freelance Hiring Guide | MegiLance,"Learn predictive analytics freelance hiring with practical steps, examples, and how MegiLance uses AI matching, escrow, and transparent pricing for safer",predictive analytics freelance hiring,"freelance hiring analytics, project success prediction, AI recommendations",AI Freelancing,Clients and freelancers,Informational,2026-09-26,923,https://megilance.site/ai | https://megilance.site/price-estimator | https://megilance.site/ai-chatbot | https://megilance.site/,"Illustration for How Predictive Analytics Can Improve Freelance Hiring showing MegiLance AI matching, escrow protection, and transparent freelance workflow"
51,How Natural Language Processing Helps Freelance Platforms,how-natural-language-processing-helps-freelance-platforms,https://megilance.site/blog/how-natural-language-processing-helps-freelance-platforms,NLP In Freelance Platforms Guide | MegiLance,"Learn NLP in freelance platforms with practical steps, examples, and how MegiLance uses AI matching, escrow, and transparent pricing for safer freelancing.",NLP in freelance platforms,"NLP freelancing, intent detection, AI chatbot",AI Freelancing,Clients and freelancers,Informational,2026-09-28,920,https://megilance.site/ai | https://megilance.site/price-estimator | https://megilance.site/ai-chatbot | https://megilance.site/,"Illustration for How Natural Language Processing Helps Freelance Platforms showing MegiLance AI matching, escrow protection, and transparent freelance workflow"
52,How AI Can Reduce Client Overhead in Freelance Hiring,how-ai-can-reduce-client-overhead-in-freelance-hiring,https://megilance.site/blog/how-ai-can-reduce-client-overhead-in-freelance-hiring,AI Reduce Hiring Overhead Guide | MegiLance,"Learn AI reduce hiring overhead with practical steps, examples, and how MegiLance uses AI matching, escrow, and transparent pricing for safer freelancing.",AI reduce hiring overhead,"AI hiring automation, freelance screening, client productivity",AI Freelancing,Clients and freelancers,Informational,2026-09-30,929,https://megilance.site/ai | https://megilance.site/price-estimator | https://megilance.site/ai-chatbot | https://megilance.site/,"Illustration for How AI Can Reduce Client Overhead in Freelance Hiring showing MegiLance AI matching, escrow protection, and transparent freelance workflow"
53,How AI Helps Freelancers Choose High-ROI Skills,how-ai-helps-freelancers-choose-high-roi-skills,https://megilance.site/blog/how-ai-helps-freelancers-choose-high-roi-skills,How AI Helps Freelancers Choose High-ROI Skills | MegiLance,"Learn AI skill recommendations freelancers with practical steps, examples, and how MegiLance uses AI matching, escrow, and transparent pricing for safer",AI skill recommendations freelancers,"high ROI freelance skills, skill analyzer, market demand skills",AI Freelancing,Clients and freelancers,Informational,2026-10-02,926,https://megilance.site/ai | https://megilance.site/price-estimator | https://megilance.site/ai-chatbot | https://megilance.site/,"Illustration for How AI Helps Freelancers Choose High-ROI Skills showing MegiLance AI matching, escrow protection, and transparent freelance workflow"
54,How AI Quality Scores Can Improve Freelance Proposals,how-ai-quality-scores-can-improve-freelance-proposals,https://megilance.site/blog/how-ai-quality-scores-can-improve-freelance-proposals,AI Proposal Quality Score Guide | MegiLance,"Learn AI proposal quality score with practical steps, examples, and how MegiLance uses AI matching, escrow, and transparent pricing for safer freelancing.",AI proposal quality score,"proposal quality, freelance proposal checklist, proposal optimization",AI Freelancing,Clients and freelancers,Informational,2026-10-04,926,https://megilance.site/ai | https://megilance.site/price-estimator | https://megilance.site/ai-chatbot | https://megilance.site/,"Illustration for How AI Quality Scores Can Improve Freelance Proposals showing MegiLance AI matching, escrow protection, and transparent freelance workflow"
55,How Multi-Language AI Support Can Grow Global Freelancing,how-multi-language-ai-support-can-grow-global-freelancing,https://megilance.site/blog/how-multi-language-ai-support-can-grow-global-freelancing,Multi Language AI Freelancing Guide | MegiLance,"Learn multi language AI freelancing with practical steps, examples, and how MegiLance uses AI matching, escrow, and transparent pricing for safer",multi language AI freelancing,"multilingual freelance platform, AI support, global freelancers",AI Freelancing,Clients and freelancers,Informational,2026-10-06,927,https://megilance.site/ai | https://megilance.site/price-estimator | https://megilance.site/ai-chatbot | https://megilance.site/,"Illustration for How Multi-Language AI Support Can Grow Global Freelancing showing MegiLance AI matching, escrow protection, and transparent freelance workflow"
56,What Is Freelance Escrow and How Does It Protect Both Sides,what-is-freelance-escrow-and-how-does-it-protect-both-sides,https://megilance.site/blog/what-is-freelance-escrow-and-how-does-it-protect-both-sides,Freelance Escrow Guide | MegiLance,"Learn freelance escrow with practical steps, examples, and how MegiLance uses AI matching, escrow, and transparent pricing for safer freelancing.",freelance escrow,"escrow payment, client protection, freelancer protection",Escrow and Security,Clients and freelancers,Informational / commercial,2026-10-08,918,https://megilance.site/how-it-works | https://megilance.site/pricing | https://megilance.site/faq | https://megilance.site/,"Illustration for What Is Freelance Escrow and How Does It Protect Both Sides showing MegiLance AI matching, escrow protection, and transparent freelance workflow"
57,Smart Contract Escrow for Freelancing: Simple Explanation,smart-contract-escrow-for-freelancing-simple-explanation,https://megilance.site/blog/smart-contract-escrow-for-freelancing-simple-explanation,Smart Contract Escrow Freelancing Guide | MegiLance,"Learn smart contract escrow freelancing with practical steps, examples, and how MegiLance uses AI matching, escrow, and transparent pricing for safer",smart contract escrow freelancing,"blockchain escrow, crypto escrow, freelance payment security",Escrow and Security,Clients and freelancers,Informational / commercial,2026-10-10,927,https://megilance.site/how-it-works | https://megilance.site/pricing | https://megilance.site/faq | https://megilance.site/,"Illustration for Smart Contract Escrow for Freelancing: Simple Explanation showing MegiLance AI matching, escrow protection, and transparent freelance workflow"
58,How Blockchain Payments Can Reduce Freelance Payment Barriers,how-blockchain-payments-can-reduce-freelance-payment-barriers,https://megilance.site/blog/how-blockchain-payments-can-reduce-freelance-payment-barriers,Blockchain Payments Freelancers Guide | MegiLance,"Learn blockchain payments freelancers with practical steps, examples, and how MegiLance uses AI matching, escrow, and transparent pricing for safer",blockchain payments freelancers,"crypto freelance payments, USDC freelance payments, cross border freelancing",Escrow and Security,Clients and freelancers,Informational / commercial,2026-10-12,923,https://megilance.site/how-it-works | https://megilance.site/pricing | https://megilance.site/faq | https://megilance.site/,"Illustration for How Blockchain Payments Can Reduce Freelance Payment Barriers showing MegiLance AI matching, escrow protection, and transparent freelance workflow"
59,How Milestone Escrow Reduces Freelance Project Risk,how-milestone-escrow-reduces-freelance-project-risk,https://megilance.site/blog/how-milestone-escrow-reduces-freelance-project-risk,Milestone Escrow Freelancing Guide | MegiLance,"Learn milestone escrow freelancing with practical steps, examples, and how MegiLance uses AI matching, escrow, and transparent pricing for safer",milestone escrow freelancing,"milestone payment, escrow milestones, project risk",Escrow and Security,Clients and freelancers,Informational / commercial,2026-10-14,915,https://megilance.site/how-it-works | https://megilance.site/pricing | https://megilance.site/faq | https://megilance.site/,"Illustration for How Milestone Escrow Reduces Freelance Project Risk showing MegiLance AI matching, escrow protection, and transparent freelance workflow"
60,How Clients Can Pay Freelancers Safely Online,how-clients-can-pay-freelancers-safely-online,https://megilance.site/blog/how-clients-can-pay-freelancers-safely-online,How Clients Can Pay Freelancers Safely Online | MegiLance,"Learn pay freelancers safely online with practical steps, examples, and how MegiLance uses AI matching, escrow, and transparent pricing for safer",pay freelancers safely online,"secure freelance payments, escrow protection, online payment safety",Escrow and Security,Clients and freelancers,Informational / commercial,2026-10-16,926,https://megilance.site/how-it-works | https://megilance.site/pricing | https://megilance.site/faq | https://megilance.site/,"Illustration for How Clients Can Pay Freelancers Safely Online showing MegiLance AI matching, escrow protection, and transparent freelance workflow"
61,How Freelancers Can Avoid Payment Delays,how-freelancers-can-avoid-payment-delays,https://megilance.site/blog/how-freelancers-can-avoid-payment-delays,How Freelancers Can Avoid Payment Delays | MegiLance,"Learn avoid freelance payment delays with practical steps, examples, and how MegiLance uses AI matching, escrow, and transparent pricing for safer",avoid freelance payment delays,"fast freelancer payments, instant payout, escrow release",Escrow and Security,Clients and freelancers,Informational / commercial,2026-10-18,924,https://megilance.site/how-it-works | https://megilance.site/pricing | https://megilance.site/faq | https://megilance.site/,"Illustration for How Freelancers Can Avoid Payment Delays showing MegiLance AI matching, escrow protection, and transparent freelance workflow"
62,Why Transparent Payment Records Matter in Freelancing,why-transparent-payment-records-matter-in-freelancing,https://megilance.site/blog/why-transparent-payment-records-matter-in-freelancing,Transparent Payment Records Guide | MegiLance,"Learn transparent payment records with practical steps, examples, and how MegiLance uses AI matching, escrow, and transparent pricing for safer",transparent payment records,"on chain records, payment proof, blockchain transactions",Escrow and Security,Clients and freelancers,Informational / commercial,2026-10-20,917,https://megilance.site/how-it-works | https://megilance.site/pricing | https://megilance.site/faq | https://megilance.site/,"Illustration for Why Transparent Payment Records Matter in Freelancing showing MegiLance AI matching, escrow protection, and transparent freelance workflow"
63,How Dispute Resolution Works in Modern Freelance Platforms,how-dispute-resolution-works-in-modern-freelance-platforms,https://megilance.site/blog/how-dispute-resolution-works-in-modern-freelance-platforms,Freelance Dispute Resolution Guide | MegiLance,"Learn freelance dispute resolution with practical steps, examples, and how MegiLance uses AI matching, escrow, and transparent pricing for safer",freelance dispute resolution,"client freelancer disputes, escrow dispute, project disagreement",Escrow and Security,Clients and freelancers,Informational / commercial,2026-10-22,922,https://megilance.site/how-it-works | https://megilance.site/pricing | https://megilance.site/faq | https://megilance.site/,"Illustration for How Dispute Resolution Works in Modern Freelance Platforms showing MegiLance AI matching, escrow protection, and transparent freelance workflow"
64,How Escrow Builds Trust Before Work Starts,how-escrow-builds-trust-before-work-starts,https://megilance.site/blog/how-escrow-builds-trust-before-work-starts,How Escrow Builds Trust Before Work Starts | MegiLance,"Learn escrow builds trust freelancing with practical steps, examples, and how MegiLance uses AI matching, escrow, and transparent pricing for safer",escrow builds trust freelancing,"freelance trust, payment guarantee, secure contract",Escrow and Security,Clients and freelancers,Informational / commercial,2026-10-24,927,https://megilance.site/how-it-works | https://megilance.site/pricing | https://megilance.site/faq | https://megilance.site/,"Illustration for How Escrow Builds Trust Before Work Starts showing MegiLance AI matching, escrow protection, and transparent freelance workflow"
65,Blockchain Freelancing for Beginners,blockchain-freelancing-for-beginners,https://megilance.site/blog/blockchain-freelancing-for-beginners,Blockchain Freelancing for Beginners | MegiLance,"Learn blockchain freelancing beginners with practical steps, examples, and how MegiLance uses AI matching, escrow, and transparent pricing for safer",blockchain freelancing beginners,"decentralized freelancing, Web3 freelancing, crypto freelance platform",Escrow and Security,Clients and freelancers,Informational / commercial,2026-10-26,906,https://megilance.site/how-it-works | https://megilance.site/pricing | https://megilance.site/faq | https://megilance.site/,"Illustration for Blockchain Freelancing for Beginners showing MegiLance AI matching, escrow protection, and transparent freelance workflow"
66,USDC Freelance Payments: Beginner Guide for Global Workers,usdc-freelance-payments-beginner-guide-for-global-workers,https://megilance.site/blog/usdc-freelance-payments-beginner-guide-for-global-workers,USDC Freelance Payments Guide | MegiLance,"Learn USDC freelance payments with practical steps, examples, and how MegiLance uses AI matching, escrow, and transparent pricing for safer freelancing.",USDC freelance payments,"stablecoin payments, freelancer crypto payment, cross border payments",Escrow and Security,Clients and freelancers,Informational / commercial,2026-10-28,922,https://megilance.site/how-it-works | https://megilance.site/pricing | https://megilance.site/faq | https://megilance.site/,"Illustration for USDC Freelance Payments: Beginner Guide for Global Workers showing MegiLance AI matching, escrow protection, and transparent freelance workflow"
67,How to Structure Milestones for Secure Freelance Payments,how-to-structure-milestones-for-secure-freelance-payments,https://megilance.site/blog/how-to-structure-milestones-for-secure-freelance-payments,Freelance Milestone Structure Guide | MegiLance,"Learn freelance milestone structure with practical steps, examples, and how MegiLance uses AI matching, escrow, and transparent pricing for safer",freelance milestone structure,"project milestones, escrow release schedule, freelance contract",Escrow and Security,Clients and freelancers,Informational / commercial,2026-10-30,919,https://megilance.site/how-it-works | https://megilance.site/pricing | https://megilance.site/faq | https://megilance.site/,"Illustration for How to Structure Milestones for Secure Freelance Payments showing MegiLance AI matching, escrow protection, and transparent freelance workflow"
68,Freelance Payment Security Checklist for Clients,freelance-payment-security-checklist-for-clients,https://megilance.site/blog/freelance-payment-security-checklist-for-clients,Freelance Payment Security Checklist for Clients | MegiLance,"Learn freelance payment security checklist with practical steps, examples, and how MegiLance uses AI matching, escrow, and transparent pricing for safer",freelance payment security checklist,"secure payments, escrow checklist, hire freelancer safely",Escrow and Security,Clients and freelancers,Informational / commercial,2026-11-01,922,https://megilance.site/how-it-works | https://megilance.site/pricing | https://megilance.site/faq | https://megilance.site/,"Illustration for Freelance Payment Security Checklist for Clients showing MegiLance AI matching, escrow protection, and transparent freelance workflow"
69,Freelance Payment Security Checklist for Freelancers,freelance-payment-security-checklist-for-freelancers,https://megilance.site/blog/freelance-payment-security-checklist-for-freelancers,Freelancer Payment Security Checklist Guide | MegiLance,"Learn freelancer payment security checklist with practical steps, examples, and how MegiLance uses AI matching, escrow, and transparent pricing for safer",freelancer payment security checklist,"avoid payment scam, escrow payments, freelance contract safety",Escrow and Security,Clients and freelancers,Informational / commercial,2026-11-03,923,https://megilance.site/how-it-works | https://megilance.site/pricing | https://megilance.site/faq | https://megilance.site/,"Illustration for Freelance Payment Security Checklist for Freelancers showing MegiLance AI matching, escrow protection, and transparent freelance workflow"
70,Why Hybrid Web2 and Web3 Security Works for Freelancing,why-hybrid-web2-and-web3-security-works-for-freelancing,https://megilance.site/blog/why-hybrid-web2-and-web3-security-works-for-freelancing,Web2 Web3 Freelance Security Guide | MegiLance,"Learn Web2 Web3 freelance security with practical steps, examples, and how MegiLance uses AI matching, escrow, and transparent pricing for safer",Web2 Web3 freelance security,"hybrid marketplace security, blockchain escrow, fast web app security",Escrow and Security,Clients and freelancers,Informational / commercial,2026-11-05,934,https://megilance.site/how-it-works | https://megilance.site/pricing | https://megilance.site/faq | https://megilance.site/,"Illustration for Why Hybrid Web2 and Web3 Security Works for Freelancing showing MegiLance AI matching, escrow protection, and transparent freelance workflow"
71,Freelance Pricing Guide for Clients and Freelancers,freelance-pricing-guide-for-clients-and-freelancers,https://megilance.site/blog/freelance-pricing-guide-for-clients-and-freelancers,Freelance Pricing Guide Guide | MegiLance,"Learn freelance pricing guide with practical steps, examples, and how MegiLance uses AI matching, escrow, and transparent pricing for safer freelancing.",freelance pricing guide,"hourly rate, fixed price project, price estimator",Pricing and Proposals,Clients and freelancers,Informational / transactional,2026-11-07,908,https://megilance.site/pricing | https://megilance.site/ai | https://megilance.site/price-estimator | https://megilance.site/,"Illustration for Freelance Pricing Guide for Clients and Freelancers showing MegiLance AI matching, escrow protection, and transparent freelance workflow"
72,Hourly Rate vs Fixed Price: Which Is Better for Freelance Projects,hourly-rate-vs-fixed-price-which-is-better-for-freelance-projects,https://megilance.site/blog/hourly-rate-vs-fixed-price-which-is-better-for-freelance-projects,Hourly Vs Fixed Price Freelance Guide | MegiLance,"Learn hourly vs fixed price freelance with practical steps, examples, and how MegiLance uses AI matching, escrow, and transparent pricing for safer",hourly vs fixed price freelance,"fixed price freelance, hourly freelance rate, project pricing",Pricing and Proposals,Clients and freelancers,Informational / transactional,2026-11-09,939,https://megilance.site/pricing | https://megilance.site/ai | https://megilance.site/price-estimator | https://megilance.site/,"Illustration for Hourly Rate vs Fixed Price: Which Is Better for Freelance Projects showing MegiLance AI matching, escrow protection, and transparent freelance workflow"
73,How to Estimate Software Development Project Cost,how-to-estimate-software-development-project-cost,https://megilance.site/blog/how-to-estimate-software-development-project-cost,Software Development Project Cost Estimate Guide | MegiLance,"Learn software development project cost estimate with practical steps, examples, and how MegiLance uses AI matching, escrow, and transparent pricing for",software development project cost estimate,"software project pricing, developer hourly rate, AI price estimator",Pricing and Proposals,Clients and freelancers,Informational / transactional,2026-11-11,929,https://megilance.site/pricing | https://megilance.site/ai | https://megilance.site/price-estimator | https://megilance.site/,"Illustration for How to Estimate Software Development Project Cost showing MegiLance AI matching, escrow protection, and transparent freelance workflow"
74,How to Estimate Design Project Cost Before Hiring,how-to-estimate-design-project-cost-before-hiring,https://megilance.site/blog/how-to-estimate-design-project-cost-before-hiring,Design Project Cost Estimate Guide | MegiLance,"Learn design project cost estimate with practical steps, examples, and how MegiLance uses AI matching, escrow, and transparent pricing for safer",design project cost estimate,"freelance design pricing, UI UX design cost, design freelancer rate",Pricing and Proposals,Clients and freelancers,Informational / transactional,2026-11-13,924,https://megilance.site/pricing | https://megilance.site/ai | https://megilance.site/price-estimator | https://megilance.site/,"Illustration for How to Estimate Design Project Cost Before Hiring showing MegiLance AI matching, escrow protection, and transparent freelance workflow"
75,How to Estimate Content Writing Project Cost,how-to-estimate-content-writing-project-cost,https://megilance.site/blog/how-to-estimate-content-writing-project-cost,How to Estimate Content Writing Project Cost | MegiLance,"Learn content writing project cost with practical steps, examples, and how MegiLance uses AI matching, escrow, and transparent pricing for safer",content writing project cost,"SEO writing price, blog writing cost, freelance writer rate",Pricing and Proposals,Clients and freelancers,Informational / transactional,2026-11-15,920,https://megilance.site/pricing | https://megilance.site/ai | https://megilance.site/price-estimator | https://megilance.site/,"Illustration for How to Estimate Content Writing Project Cost showing MegiLance AI matching, escrow protection, and transparent freelance workflow"
76,How Freelancers Can Raise Rates With Confidence,how-freelancers-can-raise-rates-with-confidence,https://megilance.site/blog/how-freelancers-can-raise-rates-with-confidence,How Freelancers Can Raise Rates With Confidence | MegiLance,"Learn raise freelance rates with practical steps, examples, and how MegiLance uses AI matching, escrow, and transparent pricing for safer freelancing.",raise freelance rates,"freelance rate increase, higher paying clients, rate advisor",Pricing and Proposals,Clients and freelancers,Informational / transactional,2026-11-17,909,https://megilance.site/pricing | https://megilance.site/ai | https://megilance.site/price-estimator | https://megilance.site/,"Illustration for How Freelancers Can Raise Rates With Confidence showing MegiLance AI matching, escrow protection, and transparent freelance workflow"
77,How Clients Can Avoid Overpaying for Freelance Work,how-clients-can-avoid-overpaying-for-freelance-work,https://megilance.site/blog/how-clients-can-avoid-overpaying-for-freelance-work,Avoid Overpaying Freelancers Guide | MegiLance,"Learn avoid overpaying freelancers with practical steps, examples, and how MegiLance uses AI matching, escrow, and transparent pricing for safer",avoid overpaying freelancers,"freelancer price comparison, budget control, transparent pricing",Pricing and Proposals,Clients and freelancers,Informational / transactional,2026-11-19,911,https://megilance.site/pricing | https://megilance.site/ai | https://megilance.site/price-estimator | https://megilance.site/,"Illustration for How Clients Can Avoid Overpaying for Freelance Work showing MegiLance AI matching, escrow protection, and transparent freelance workflow"
78,How Transparent Platform Fees Help Freelancers Earn More,how-transparent-platform-fees-help-freelancers-earn-more,https://megilance.site/blog/how-transparent-platform-fees-help-freelancers-earn-more,Transparent Platform Fees Guide | MegiLance,"Learn transparent platform fees with practical steps, examples, and how MegiLance uses AI matching, escrow, and transparent pricing for safer freelancing.",transparent platform fees,"freelance platform fees, low commission freelance, no hidden fees",Pricing and Proposals,Clients and freelancers,Informational / transactional,2026-11-21,914,https://megilance.site/pricing | https://megilance.site/ai | https://megilance.site/price-estimator | https://megilance.site/,"Illustration for How Transparent Platform Fees Help Freelancers Earn More showing MegiLance AI matching, escrow protection, and transparent freelance workflow"
79,Proposal Pricing Mistakes Freelancers Should Avoid,proposal-pricing-mistakes-freelancers-should-avoid,https://megilance.site/blog/proposal-pricing-mistakes-freelancers-should-avoid,Freelance Proposal Pricing Mistakes Guide | MegiLance,"Learn freelance proposal pricing mistakes with practical steps, examples, and how MegiLance uses AI matching, escrow, and transparent pricing for safer",freelance proposal pricing mistakes,"proposal pricing, freelance bidding, project quote",Pricing and Proposals,Clients and freelancers,Informational / transactional,2026-11-23,914,https://megilance.site/pricing | https://megilance.site/ai | https://megilance.site/price-estimator | https://megilance.site/,"Illustration for Proposal Pricing Mistakes Freelancers Should Avoid showing MegiLance AI matching, escrow protection, and transparent freelance workflow"
80,How to Create a Fair Freelance Quote,how-to-create-a-fair-freelance-quote,https://megilance.site/blog/how-to-create-a-fair-freelance-quote,How to Create a Fair Freelance Quote | MegiLance,"Learn fair freelance quote with practical steps, examples, and how MegiLance uses AI matching, escrow, and transparent pricing for safer freelancing.",fair freelance quote,"freelance quote template, project estimate, fair pricing",Pricing and Proposals,Clients and freelancers,Informational / transactional,2026-11-25,908,https://megilance.site/pricing | https://megilance.site/ai | https://megilance.site/price-estimator | https://megilance.site/,"Illustration for How to Create a Fair Freelance Quote showing MegiLance AI matching, escrow protection, and transparent freelance workflow"
81,Best Freelancing Platform Ideas for Pakistani Freelancers,best-freelancing-platform-ideas-for-pakistani-freelancers,https://megilance.site/blog/best-freelancing-platform-ideas-for-pakistani-freelancers,Freelancing Platform For Pakistani Freelancers Guide |,"Learn freelancing platform for Pakistani freelancers with practical steps, examples, and how MegiLance uses AI matching, escrow, and transparent pricing",freelancing platform for Pakistani freelancers,"Pakistan freelancers, PayPal alternative freelancing, global freelance payments",Global Freelancing,Freelancers and clients in emerging markets,Informational / commercial,2026-11-27,940,https://megilance.site/about | https://megilance.site/freelancers | https://megilance.site/clients | https://megilance.site/,"Illustration for Best Freelancing Platform Ideas for Pakistani Freelancers showing MegiLance AI matching, escrow protection, and transparent freelance workflow"
82,How Pakistani Freelancers Can Work With International Clients,how-pakistani-freelancers-can-work-with-international-clients,https://megilance.site/blog/how-pakistani-freelancers-can-work-with-international-clients,Pakistani Freelancers International Clients Guide |,"Learn Pakistani freelancers international clients with practical steps, examples, and how MegiLance uses AI matching, escrow, and transparent pricing for",Pakistani freelancers international clients,"freelance Pakistan, remote work Pakistan, international clients",Global Freelancing,Freelancers and clients in emerging markets,Informational / commercial,2026-11-29,932,https://megilance.site/about | https://megilance.site/freelancers | https://megilance.site/clients | https://megilance.site/,"Illustration for How Pakistani Freelancers Can Work With International Clients showing MegiLance AI matching, escrow protection, and transparent freelance workflow"
83,Freelance Payment Problems in Pakistan and Possible Solutions,freelance-payment-problems-in-pakistan-and-possible-solutions,https://megilance.site/blog/freelance-payment-problems-in-pakistan-and-possible-solutions,Freelance Payment Problems Pakistan Guide | MegiLance,"Learn freelance payment problems Pakistan with practical steps, examples, and how MegiLance uses AI matching, escrow, and transparent pricing for safer",freelance payment problems Pakistan,"PayPal Pakistan freelancing, cross border payments Pakistan, freelancer payment solution",Global Freelancing,Freelancers and clients in emerging markets,Informational / commercial,2026-12-01,936,https://megilance.site/about | https://megilance.site/freelancers | https://megilance.site/clients | https://megilance.site/,"Illustration for Freelance Payment Problems in Pakistan and Possible Solutions showing MegiLance AI matching, escrow protection, and transparent freelance workflow"
84,How Blockchain Escrow Can Help Freelancers Without PayPal,how-blockchain-escrow-can-help-freelancers-without-paypal,https://megilance.site/blog/how-blockchain-escrow-can-help-freelancers-without-paypal,Blockchain Escrow Without PayPal Guide | MegiLance,"Learn blockchain escrow without PayPal with practical steps, examples, and how MegiLance uses AI matching, escrow, and transparent pricing for safer",blockchain escrow without PayPal,"PayPal alternative freelancers, crypto escrow, freelance payment barriers",Global Freelancing,Freelancers and clients in emerging markets,Informational / commercial,2026-12-03,934,https://megilance.site/about | https://megilance.site/freelancers | https://megilance.site/clients | https://megilance.site/,"Illustration for How Blockchain Escrow Can Help Freelancers Without PayPal showing MegiLance AI matching, escrow protection, and transparent freelance workflow"
85,How Emerging Market Freelancers Can Build Global Trust,how-emerging-market-freelancers-can-build-global-trust,https://megilance.site/blog/how-emerging-market-freelancers-can-build-global-trust,Emerging Market Freelancers Trust Guide | MegiLance,"Learn emerging market freelancers trust with practical steps, examples, and how MegiLance uses AI matching, escrow, and transparent pricing for safer",emerging market freelancers trust,"global freelance trust, verified profiles, remote freelancers",Global Freelancing,Freelancers and clients in emerging markets,Informational / commercial,2026-12-05,932,https://megilance.site/about | https://megilance.site/freelancers | https://megilance.site/clients | https://megilance.site/,"Illustration for How Emerging Market Freelancers Can Build Global Trust showing MegiLance AI matching, escrow protection, and transparent freelance workflow"
86,How Clients Can Hire Skilled Freelancers From Pakistan,how-clients-can-hire-skilled-freelancers-from-pakistan,https://megilance.site/blog/how-clients-can-hire-skilled-freelancers-from-pakistan,Hire Freelancers From Pakistan Guide | MegiLance,"Learn hire freelancers from Pakistan with practical steps, examples, and how MegiLance uses AI matching, escrow, and transparent pricing for safer",hire freelancers from Pakistan,"Pakistani freelance developers, hire Pakistan talent, remote freelancers Pakistan",Global Freelancing,Freelancers and clients in emerging markets,Informational / commercial,2026-12-07,935,https://megilance.site/about | https://megilance.site/freelancers | https://megilance.site/clients | https://megilance.site/,"Illustration for How Clients Can Hire Skilled Freelancers From Pakistan showing MegiLance AI matching, escrow protection, and transparent freelance workflow"
87,Why Low-Fee Freelancing Matters for Developing Countries,why-low-fee-freelancing-matters-for-developing-countries,https://megilance.site/blog/why-low-fee-freelancing-matters-for-developing-countries,Low Fee Freelancing Developing Countries Guide | MegiLance,"Learn low fee freelancing developing countries with practical steps, examples, and how MegiLance uses AI matching, escrow, and transparent pricing for",low fee freelancing developing countries,"low commission freelance platform, emerging market freelancers, freelancer earnings",Global Freelancing,Freelancers and clients in emerging markets,Informational / commercial,2026-12-09,943,https://megilance.site/about | https://megilance.site/freelancers | https://megilance.site/clients | https://megilance.site/,"Illustration for Why Low-Fee Freelancing Matters for Developing Countries showing MegiLance AI matching, escrow protection, and transparent freelance workflow"
88,How Global Freelancing Can Become More Inclusive,how-global-freelancing-can-become-more-inclusive,https://megilance.site/blog/how-global-freelancing-can-become-more-inclusive,How Global Freelancing Can Become More Inclusive | MegiLance,"Learn inclusive global freelancing with practical steps, examples, and how MegiLance uses AI matching, escrow, and transparent pricing for safer",inclusive global freelancing,"global freelancers, payment accessibility, AI matching",Global Freelancing,Freelancers and clients in emerging markets,Informational / commercial,2026-12-11,919,https://megilance.site/about | https://megilance.site/freelancers | https://megilance.site/clients | https://megilance.site/,"Illustration for How Global Freelancing Can Become More Inclusive showing MegiLance AI matching, escrow protection, and transparent freelance workflow"
89,How Freelancers Can Compete Globally With Verified Skills,how-freelancers-can-compete-globally-with-verified-skills,https://megilance.site/blog/how-freelancers-can-compete-globally-with-verified-skills,Compete Globally As Freelancer Guide | MegiLance,"Learn compete globally as freelancer with practical steps, examples, and how MegiLance uses AI matching, escrow, and transparent pricing for safer",compete globally as freelancer,"verified freelancer skills, AI ranking score, global freelance jobs",Global Freelancing,Freelancers and clients in emerging markets,Informational / commercial,2026-12-13,935,https://megilance.site/about | https://megilance.site/freelancers | https://megilance.site/clients | https://megilance.site/,"Illustration for How Freelancers Can Compete Globally With Verified Skills showing MegiLance AI matching, escrow protection, and transparent freelance workflow"
90,How Smart Matching Can Help Clients Discover Hidden Talent,how-smart-matching-can-help-clients-discover-hidden-talent,https://megilance.site/blog/how-smart-matching-can-help-clients-discover-hidden-talent,Discover Hidden Freelance Talent Guide | MegiLance,"Learn discover hidden freelance talent with practical steps, examples, and how MegiLance uses AI matching, escrow, and transparent pricing for safer",discover hidden freelance talent,"AI talent discovery, global talent pool, hire remote talent",Global Freelancing,Freelancers and clients in emerging markets,Informational / commercial,2026-12-15,940,https://megilance.site/about | https://megilance.site/freelancers | https://megilance.site/clients | https://megilance.site/,"Illustration for How Smart Matching Can Help Clients Discover Hidden Talent showing MegiLance AI matching, escrow protection, and transparent freelance workflow"
91,MegiLance vs Traditional Freelance Marketplaces: Key Differences,megilance-vs-traditional-freelance-marketplaces-key-differences,https://megilance.site/blog/megilance-vs-traditional-freelance-marketplaces-key-differences,Megilance Vs Traditional Freelance Marketplaces Guide |,"Learn MegiLance vs traditional freelance marketplaces with practical steps, examples, and how MegiLance uses AI matching, escrow, and transparent pricing",MegiLance vs traditional freelance marketplaces,"MegiLance review, freelance platform comparison, AI blockchain freelancing",Guides and Comparisons,Broad search audience,Informational,2026-12-17,932,https://megilance.site/ | https://megilance.site/faq | https://megilance.site/how-it-works | https://megilance.site/clients,"Illustration for MegiLance vs Traditional Freelance Marketplaces: Key Differences showing MegiLance AI matching, escrow protection, and transparent freelance workflow"
92,Freelance Marketplace vs Job Board: What Is Better,freelance-marketplace-vs-job-board-what-is-better,https://megilance.site/blog/freelance-marketplace-vs-job-board-what-is-better,Freelance Marketplace Vs Job Board Guide | MegiLance,"Learn freelance marketplace vs job board with practical steps, examples, and how MegiLance uses AI matching, escrow, and transparent pricing for safer",freelance marketplace vs job board,"job board vs marketplace, hire freelancers, find freelance jobs",Guides and Comparisons,Broad search audience,Informational,2026-12-19,937,https://megilance.site/ | https://megilance.site/faq | https://megilance.site/how-it-works | https://megilance.site/clients,"Illustration for Freelance Marketplace vs Job Board: What Is Better showing MegiLance AI matching, escrow protection, and transparent freelance workflow"
93,Escrow vs Direct Payment for Freelance Work,escrow-vs-direct-payment-for-freelance-work,https://megilance.site/blog/escrow-vs-direct-payment-for-freelance-work,Escrow vs Direct Payment for Freelance Work | MegiLance,"Learn escrow vs direct payment freelance with practical steps, examples, and how MegiLance uses AI matching, escrow, and transparent pricing for safer",escrow vs direct payment freelance,"direct payment freelancer, escrow payment, freelance safety",Guides and Comparisons,Broad search audience,Informational,2026-12-21,932,https://megilance.site/ | https://megilance.site/faq | https://megilance.site/how-it-works | https://megilance.site/clients,"Illustration for Escrow vs Direct Payment for Freelance Work showing MegiLance AI matching, escrow protection, and transparent freelance workflow"
94,AI Matching vs Manual Freelancer Search,ai-matching-vs-manual-freelancer-search,https://megilance.site/blog/ai-matching-vs-manual-freelancer-search,AI Matching vs Manual Freelancer Search | MegiLance,"Learn AI matching vs manual freelancer search with practical steps, examples, and how MegiLance uses AI matching, escrow, and transparent pricing for safer",AI matching vs manual freelancer search,"manual freelancer search, AI hiring, talent matching",Guides and Comparisons,Broad search audience,Informational,2026-12-23,939,https://megilance.site/ | https://megilance.site/faq | https://megilance.site/how-it-works | https://megilance.site/clients,"Illustration for AI Matching vs Manual Freelancer Search showing MegiLance AI matching, escrow protection, and transparent freelance workflow"
95,Crypto Payments vs Bank Transfers for Freelancers,crypto-payments-vs-bank-transfers-for-freelancers,https://megilance.site/blog/crypto-payments-vs-bank-transfers-for-freelancers,Crypto Payments Vs Bank Transfers Freelancers Guide |,"Learn crypto payments vs bank transfers freelancers with practical steps, examples, and how MegiLance uses AI matching, escrow, and transparent pricing for",crypto payments vs bank transfers freelancers,"freelance bank transfer, crypto freelance payments, USDC payments",Guides and Comparisons,Broad search audience,Informational,2026-12-25,942,https://megilance.site/ | https://megilance.site/faq | https://megilance.site/how-it-works | https://megilance.site/clients,"Illustration for Crypto Payments vs Bank Transfers for Freelancers showing MegiLance AI matching, escrow protection, and transparent freelance workflow"
96,Verified Profiles vs Open Listings in Freelance Marketplaces,verified-profiles-vs-open-listings-in-freelance-marketplaces,https://megilance.site/blog/verified-profiles-vs-open-listings-in-freelance-marketplaces,Verified Profiles Freelance Marketplace Guide | MegiLance,"Learn verified profiles freelance marketplace with practical steps, examples, and how MegiLance uses AI matching, escrow, and transparent pricing for safer",verified profiles freelance marketplace,"verified freelancers, open marketplace, freelancer screening",Guides and Comparisons,Broad search audience,Informational,2026-12-27,924,https://megilance.site/ | https://megilance.site/faq | https://megilance.site/how-it-works | https://megilance.site/clients,"Illustration for Verified Profiles vs Open Listings in Freelance Marketplaces showing MegiLance AI matching, escrow protection, and transparent freelance workflow"
97,How to Start Freelancing Online Step by Step,how-to-start-freelancing-online-step-by-step,https://megilance.site/blog/how-to-start-freelancing-online-step-by-step,How to Start Freelancing Online Step by Step | MegiLance,"Learn start freelancing online with practical steps, examples, and how MegiLance uses AI matching, escrow, and transparent pricing for safer freelancing.",start freelancing online,"freelancing for beginners, freelance profile, find clients",Guides and Comparisons,Broad search audience,Informational,2026-12-29,917,https://megilance.site/ | https://megilance.site/faq | https://megilance.site/how-it-works | https://megilance.site/clients,"Illustration for How to Start Freelancing Online Step by Step showing MegiLance AI matching, escrow protection, and transparent freelance workflow"
98,How to Hire a Freelancer Online Step by Step,how-to-hire-a-freelancer-online-step-by-step,https://megilance.site/blog/how-to-hire-a-freelancer-online-step-by-step,How to Hire a Freelancer Online Step by Step | MegiLance,"Learn hire a freelancer online with practical steps, examples, and how MegiLance uses AI matching, escrow, and transparent pricing for safer freelancing.",hire a freelancer online,"hire freelancers online, post a project, review proposals",Guides and Comparisons,Broad search audience,Informational,2026-12-31,932,https://megilance.site/ | https://megilance.site/faq | https://megilance.site/how-it-works | https://megilance.site/clients,"Illustration for How to Hire a Freelancer Online Step by Step showing MegiLance AI matching, escrow protection, and transparent freelance workflow"
99,Freelance Marketplace FAQ: Answers for Clients and Freelancers,freelance-marketplace-faq-answers-for-clients-and-freelancers,https://megilance.site/blog/freelance-marketplace-faq-answers-for-clients-and-freelancers,Freelance Marketplace Faq Guide | MegiLance,"Learn freelance marketplace FAQ with practical steps, examples, and how MegiLance uses AI matching, escrow, and transparent pricing for safer freelancing.",freelance marketplace FAQ,"freelancing questions, client freelancer FAQ, escrow questions",Guides and Comparisons,Broad search audience,Informational,2027-01-02,918,https://megilance.site/ | https://megilance.site/faq | https://megilance.site/how-it-works | https://megilance.site/clients,"Illustration for Freelance Marketplace FAQ: Answers for Clients and Freelancers showing MegiLance AI matching, escrow protection, and transparent freelance workflow"
100,Freelance Platform SEO Content Strategy for Marketplace Growth,freelance-platform-seo-content-strategy-for-marketplace-growth,https://megilance.site/blog/freelance-platform-seo-content-strategy-for-marketplace-growth,Freelance Platform SEO Strategy Guide | MegiLance,"Learn freelance platform SEO strategy with practical steps, examples, and how MegiLance uses AI matching, escrow, and transparent pricing for safer",freelance platform SEO strategy,"marketplace SEO, freelance blog topics, organic traffic freelancing",Guides and Comparisons,Broad search audience,Informational,2027-01-04,929,https://megilance.site/ | https://megilance.site/faq | https://megilance.site/how-it-works | https://megilance.site/clients,"Illustration for Freelance Platform SEO Content Strategy for Marketplace Growth showing MegiLance AI matching, escrow protection, and transparent freelance workflow"
